customer_id,first_name,last_name,email,phone_number,account_type,join_date
10072852,Calvin,Gross,andrearamirez@example.com,917.705.3517,Credit,2021-10-07
10093166,Monica,Rogers,yvonnewheeler@example.net,+1-905-616-0475x9420,Credit,2025-11-24
10240070,Jaclyn,Sutton,angelamorgan@example.com,853.846.5807x6439,Savings,2025-11-08
10241547,Cameron,Mullen,jacksonalexander@example.net,+1-317-834-6441x7133,Credit,2022-05-02
10312951,Allen,Mercer,qmcmahon@example.com,789-364-7974,Credit,2021-12-07
10344403,Tyler,Tucker,bartondavid@example.net,001-218-638-5556x366,Savings,2022-10-19
10450589,Jeremy,Velasquez,jamiehernandez@example.org,7266281288,Credit,2025-08-12
10468454,Sabrina,Rodriguez,karen80@example.com,(908)471-9070x5482,Credit,2023-08-23
10718168,Vanessa,Bradshaw,nicole04@example.org,583-774-2829x34458,Checking,2021-08-15
10950492,Miranda,Lawrence,isabel00@example.org,668.702.5671,Savings,2022-09-17
10976781,Brian,Tucker,epeck@example.net,+1-583-865-6195x1828,Savings,2022-07-27
11050298,Kathryn,Thornton,villegasbarbara@example.com,998.830.2735x46319,Credit,2023-05-03
11073328,Blake,Krueger,rsutton@example.com,001-504-441-8515x659,Credit,2023-02-10
11117990,Jesse,Larson,molly42@example.org,348.374.1486,Checking,2021-10-13
11161031,Brenda,Patterson,nicolas76@example.org,942-572-9253x697,Savings,2023-04-03
11171643,Zoe,Aguilar,betholson@example.net,(373)280-9044x567,Checking,2025-08-01
11362048,Anna,Kennedy,brownpaul@example.net,+1-503-776-3620x912,Savings,2022-01-29
11527050,Melissa,King,wallbrandon@example.org,001-963-707-8616x309,Checking,2024-01-25
11565661,Monique,Hicks,william05@example.com,5046919090,Credit,2024-04-01
11710905,Christine,Mcguire,kelly55@example.com,526.746.2845,Savings,2026-04-02
11770516,Oscar,Yang,parkerclaudia@example.com,984-900-8220x511,Credit,2023-08-17
11827310,Michael,Watson,hardinpatricia@example.net,706-864-7669x2932,Savings,2024-07-13
11866753,Steven,Lester,qwilson@example.org,(568)788-6712x16482,Savings,2022-08-07
11939027,Bradley,Jordan,david96@example.com,383-930-1653x036,Credit,2021-07-15
11959785,Michelle,Mcgee,jonathanthompson@example.net,543-428-8957x76936,Savings,2022-08-23
12045814,Adam,Phillips,christopher80@example.org,954-886-2951x3674,Credit,2023-03-11
12141985,Joshua,Jones,michellemorales@example.org,(634)292-5621,Credit,2025-01-14
12142239,Courtney,Greene,gsmith@example.net,001-981-985-2011,Credit,2025-11-12
12148228,Christopher,Todd,jacob72@example.com,+1-535-764-3880x904,Savings,2022-12-25
12198460,Paul,Nguyen,riosronald@example.org,+1-498-720-3584x406,Checking,2023-01-04
12200103,Adam,Ayers,xbrown@example.com,765-444-4221x63676,Savings,2023-10-12
12201000,Scott,Hunter,dnielsen@example.net,001-769-647-6925x112,Credit,2025-09-19
12253341,Erica,Mcguire,yjarvis@example.com,001-549-602-5887x786,Credit,2025-05-15
12270929,Kevin,Johnson,johnsonjulia@example.com,8026306449,Checking,2025-04-20
12286708,Wanda,Baker,huangmargaret@example.org,9746384459,Savings,2022-09-17
12370862,Ruben,Harvey,lisagray@example.org,8196729119,Savings,2021-08-25
12373066,Lawrence,Dyer,hpalmer@example.org,8135524252,Savings,2024-06-14
12737602,Jessica,Smith,lucascindy@example.com,253-749-8954x5562,Checking,2023-04-23
12742292,Richard,Huang,donna43@example.com,001-262-568-4790x864,Credit,2025-11-23
12752675,Dominique,Griffin,pamelalong@example.net,599.258.6115x067,Savings,2022-11-08
12828644,Nathan,Martin,davidmason@example.org,3969651939,Savings,2021-06-02
12872178,Jackie,Davis,butlerthomas@example.com,922.269.9052,Savings,2023-06-28
13139240,Anita,Hayes,johnaguirre@example.org,(860)761-2296x317,Credit,2022-11-19
13234873,Guy,Reyes,taylor93@example.com,001-950-549-0872,Credit,2026-04-18
13444893,Gabriel,Perez,stephanie21@example.com,227-570-9541,Checking,2021-10-08
13652298,Julia,Cooke,vday@example.com,5945232121,Savings,2022-01-27
13774750,Justin,Houston,opotts@example.com,244.332.9564x40093,Credit,2022-09-20
13795505,Angela,Rice,jackson22@example.org,001-571-538-7317x601,Credit,2022-03-31
13813000,Jennifer,Joyce,hsnow@example.org,4745804135,Savings,2023-06-12
13899262,Andrew,Walsh,dsharp@example.org,6376055726,Savings,2025-11-09
13929017,Nicholas,Valentine,elizabeth40@example.net,5577481395,Savings,2025-12-04
13931337,Joseph,Jones,erobinson@example.net,001-939-593-3661x114,Credit,2025-03-08
13950850,Amber,Jones,amanda38@example.org,(755)705-0961x5963,Checking,2022-11-24
14072982,Angela,Hancock,charlesmendoza@example.net,9212265773,Savings,2026-01-12
14125035,Christopher,Mccullough,cassandra36@example.org,776.764.8563x6016,Checking,2024-02-22
14131099,Ivan,Nelson,jonathandillon@example.net,+1-548-460-3736x7120,Checking,2022-05-16
14354981,Cheryl,Warner,collinsshane@example.com,001-761-486-6789,Credit,2024-07-24
14419797,Ebony,Day,nmartin@example.org,862-996-5806x981,Savings,2025-09-15
14559583,Stephanie,Hunt,mpalmer@example.org,+1-443-843-9940,Savings,2025-05-04
14691408,Brandy,Fitzpatrick,zwarren@example.com,421-779-9946x49435,Checking,2021-10-25
14788360,William,Jones,hernandezerin@example.org,(620)612-8740,Credit,2025-11-09
14911525,Dean,Khan,edward48@example.com,001-729-413-1376x373,Checking,2021-09-21
15128025,Leah,Macdonald,bmaxwell@example.net,605.624.0030,Credit,2024-06-12
15184180,Christina,Gentry,mallory99@example.net,(788)315-8928x95281,Checking,2023-07-21
15221157,Jennifer,Santiago,geoffrey48@example.net,001-983-462-2210x332,Savings,2023-04-24
15340780,Jennifer,Hamilton,ybaker@example.net,8378213430,Credit,2024-07-07
15423609,Stefanie,Ruiz,lisaclark@example.com,+1-410-290-8284x8995,Checking,2022-02-03
15464256,Molly,Keller,bsmith@example.com,001-926-472-4404x607,Savings,2025-11-08
15492354,Alexis,Tyler,brittneyeaton@example.org,630.374.0369x6307,Credit,2021-05-19
15609494,Christina,Williams,myersmelinda@example.org,358.840.9168,Savings,2021-07-15
15639698,Denise,Howard,meyersgregory@example.com,(665)502-0966,Credit,2023-06-07
15685370,Donna,Choi,mayopamela@example.com,(550)715-2277x055,Credit,2024-09-10
15806512,Cassidy,Chase,gwashington@example.net,001-892-586-9954x843,Credit,2022-04-29
16017957,David,Baker,brandon57@example.org,+1-211-683-9213,Checking,2026-03-06
16197059,Hannah,Mcclure,aaustin@example.net,001-896-743-6304x812,Credit,2024-05-18
16234805,Dwayne,Peterson,holly93@example.net,001-465-935-7288x401,Credit,2022-03-26
16292473,Jerry,Douglas,michealacosta@example.com,001-437-496-8106,Savings,2022-11-28
16317838,Rebecca,Camacho,hscott@example.org,5289552985,Savings,2023-11-24
16318529,Tyler,Owens,clarkgregory@example.org,+1-783-667-8535,Credit,2022-05-19
16380364,Craig,Johnson,adrianmartinez@example.org,832-611-3757x08736,Savings,2024-08-24
16416131,Ryan,Murphy,davisrachel@example.net,488.454.4426,Credit,2025-12-24
16430786,Jessica,Stein,kweber@example.com,978-240-1500,Checking,2022-01-07
16535981,Tina,Parker,john58@example.com,390-292-9053x666,Credit,2023-02-09
16770012,Heidi,Taylor,scottruiz@example.com,215.838.5877x2410,Credit,2023-04-22
16790204,Patricia,Benton,lance71@example.org,001-292-314-6946x086,Credit,2024-01-01
17013253,Timothy,Thomas,fanderson@example.org,370-518-4694,Checking,2021-08-04
17127845,Olivia,Booth,wayne89@example.com,001-947-443-1053x634,Checking,2025-12-14
17206803,Jessica,Anderson,joshuatorres@example.net,001-570-217-6608x177,Savings,2024-08-21
17297170,Edward,Anderson,singhchelsea@example.org,860-247-6852x932,Savings,2024-09-23
17535353,Chad,Garrison,laurasanchez@example.com,527.968.2873x635,Checking,2023-04-30
17555900,Tammy,Olsen,ewilliams@example.com,5406244235,Savings,2022-07-19
17565999,Tyler,Jackson,teresa11@example.com,676.947.8346x5180,Savings,2022-06-05
17600365,William,Burnett,zschwartz@example.net,001-896-569-3386x081,Checking,2022-01-28
17605486,Alexander,Ortega,wshort@example.org,+1-567-945-9421x6330,Credit,2025-11-19
17632881,Haley,Ford,ndaniel@example.net,(822)816-6490,Savings,2024-03-01
17667433,Tiffany,Evans,leslieewing@example.org,001-542-873-4781x570,Credit,2022-02-12
17678988,Paul,Powell,lisastark@example.com,3246625719,Savings,2021-09-01
17838367,David,Neal,vcarter@example.net,001-934-976-3892x427,Credit,2024-09-07
17873173,Heather,Young,jacksonjames@example.org,001-359-684-2791x992,Savings,2022-06-12
18206001,Roberta,Fitzpatrick,amanda46@example.com,240-854-5876x056,Savings,2024-05-21
18308464,David,Garner,georgesoto@example.net,+1-488-642-3777,Credit,2024-10-14
18470748,Amanda,Meyer,christopher71@example.org,(373)557-8771x075,Savings,2021-04-26
18495731,Emily,Hogan,tony80@example.org,(628)475-4380,Checking,2025-03-21
18845807,Lisa,Bishop,deborahcarpenter@example.com,9306658634,Checking,2026-03-19
18899614,Steven,Dominguez,gregory07@example.com,507.330.5739x2041,Checking,2026-04-19
18911079,Terrance,Thomas,williamsmakayla@example.net,224.679.0245x6406,Credit,2022-09-11
18919742,Emily,Herring,romerodaniel@example.net,370.447.5115x21512,Credit,2024-12-12
18945074,Mary,Morgan,romanjacob@example.org,2739367918,Credit,2024-10-05
19088289,Rachel,Hamilton,gbridges@example.net,(808)373-4967x3403,Checking,2023-01-03
19176344,Joseph,Lee,fpowell@example.org,558-982-4415,Credit,2025-04-18
19195468,Jeff,Gomez,kevans@example.com,5918634132,Checking,2026-02-27
19235727,Stephanie,Lynn,laura87@example.com,800-280-2876x9342,Checking,2021-07-25
19413135,Tyler,Matthews,greencheryl@example.com,2597647144,Savings,2022-02-03
19433669,Michael,West,tina76@example.com,617.427.0280x03629,Savings,2023-05-25
19652126,Shelly,Ramirez,nathaniel25@example.org,789.418.7863x4186,Checking,2026-04-14
19799642,Christopher,Yates,osbornejose@example.com,(847)432-1855x078,Credit,2022-01-02
19893824,John,Werner,loganmicheal@example.org,+1-550-471-2150x239,Checking,2022-03-29
19926977,Peter,Rogers,njones@example.org,001-871-705-1430x885,Savings,2022-09-13
20060405,Sierra,Garcia,kevin00@example.com,001-912-695-0442x731,Credit,2025-10-10
20075330,Cindy,Cummings,fmcdonald@example.net,+1-200-449-6076x0046,Savings,2022-08-11
20141297,Heather,Burns,rosecarmen@example.com,(505)954-9376x584,Credit,2025-07-10
20155777,Lisa,Blackwell,bhawkins@example.net,001-576-951-8969x859,Checking,2025-10-16
20274875,David,Franklin,bperez@example.com,+1-896-234-1964,Credit,2024-05-29
20553104,Rachel,Powell,gmeyer@example.net,347-354-6748,Savings,2023-11-07
20638880,Kyle,Lewis,alexandrapotter@example.net,289-926-5483x7695,Credit,2022-05-03
20663494,Shelby,Graves,brennanchristopher@example.com,384-747-7908,Checking,2023-06-20
20849112,Jeffrey,Brown,luis97@example.com,407.863.1693x25147,Checking,2022-05-02
20897971,Sonya,Patterson,cooperryan@example.org,(505)810-3601,Checking,2022-11-22
20990966,Colton,Schultz,ywright@example.com,(975)796-8212x546,Credit,2025-01-25
21002157,Jeffrey,Fernandez,nicole62@example.net,(446)480-5374,Checking,2022-10-30
21254562,Olivia,Hanna,wreynolds@example.com,948-810-2526x30224,Credit,2025-04-23
21370373,Scott,Williams,ihatfield@example.net,604-569-5613x376,Checking,2022-03-06
21410862,Christopher,Stevens,xtaylor@example.org,355.463.3338,Savings,2023-02-03
21507890,Benjamin,Peterson,taranicholson@example.org,(231)491-6846x29678,Credit,2022-12-24
21532765,Hannah,Wong,lnguyen@example.com,3763169285,Checking,2025-04-26
21572856,Randall,Alvarez,toddperez@example.net,481-281-6143,Checking,2023-11-21
21667183,Kathleen,Rangel,katherinemcneil@example.com,+1-703-552-4037x4003,Savings,2024-05-14
21698619,Mary,Griffith,zsnyder@example.org,(349)599-7368x347,Credit,2025-09-27
21708412,Stephanie,Gregory,cindy11@example.com,(398)779-4438,Credit,2021-06-19
21756202,Eric,Morris,cordovapeter@example.net,349.816.8250,Savings,2021-10-12
21813069,Jared,Harvey,lauren06@example.com,+1-547-811-7462,Savings,2021-12-18
21863658,Aaron,Wong,ericksonkim@example.com,982-389-8827x0293,Checking,2023-07-19
21921670,Colton,Gonzalez,thomas92@example.net,+1-979-961-0986,Checking,2023-06-12
22017789,Ashley,Taylor,james51@example.net,(458)315-4580,Checking,2025-02-10
22071166,Janet,Johnson,elizabethrussell@example.com,(706)854-9311x59667,Checking,2024-10-16
22914010,Jose,Good,mpowell@example.org,698.555.3866,Savings,2024-08-26
23007472,Travis,Benitez,hillpaige@example.net,+1-556-482-3146,Credit,2022-11-27
23058283,Katie,Johnson,courtneyfowler@example.com,894.819.8965x956,Checking,2023-12-22
23073893,Anthony,Mcmahon,krodriguez@example.net,+1-878-921-7538x5076,Credit,2024-04-10
23163999,Benjamin,Kirby,dvilla@example.org,875-681-2612x25207,Credit,2025-10-05
23351407,Tina,Griffin,jacksonstephanie@example.org,(513)654-6921x1498,Checking,2025-09-17
23475281,Robin,Lynch,taradelacruz@example.net,3372605492,Checking,2023-11-27
23487333,Christian,Edwards,caleb76@example.com,999-915-1605x92194,Credit,2021-09-26
23545802,Laura,Wright,kaylacampbell@example.org,(621)208-8207x1150,Credit,2024-01-11
23578489,Jamie,Robinson,lreeves@example.net,859-869-0327,Savings,2023-11-29
23585239,Nicholas,Moore,april36@example.org,4874560907,Checking,2024-10-31
23673713,Lori,Pitts,schultzaaron@example.net,880-277-6559x10501,Savings,2024-01-24
23760159,Jessica,Ray,danajones@example.net,001-770-877-2446x696,Checking,2025-09-17
23770933,Megan,Mcguire,elliottpeter@example.net,+1-901-401-9150x017,Savings,2023-11-25
23824743,Amanda,Sexton,cguerrero@example.org,+1-588-764-3149x9751,Savings,2024-06-30
24038795,Yesenia,Flores,michaelwagner@example.net,931.469.0236,Checking,2024-09-10
24161318,Michelle,Yu,harrisonemily@example.org,001-838-642-8380x189,Checking,2025-04-12
24211214,Edward,Perez,maria71@example.com,551-941-7926x17153,Savings,2026-01-17
24329352,Makayla,Powell,marvin87@example.org,001-385-644-3796,Savings,2021-08-02
24556338,Mark,Price,williamskevin@example.net,+1-569-203-6625x7202,Checking,2023-02-20
24705991,Brian,Carpenter,oyoung@example.net,+1-846-270-7514x051,Savings,2024-01-17
24799279,Carrie,Peterson,amy66@example.com,512-520-6259x836,Credit,2022-02-11
24889204,Christopher,Torres,jacobsjoshua@example.net,9575006023,Checking,2026-04-18
24945325,Theodore,Hayes,christopher49@example.net,522.585.7989,Credit,2025-02-10
24984935,James,Stephens,kingnicholas@example.net,490.225.2779x118,Checking,2023-06-17
25121571,Shawn,Williams,johnross@example.org,(668)976-7462x95680,Credit,2025-09-22
25233043,Courtney,May,brittney70@example.org,821-217-4886,Credit,2022-10-06
25272303,Courtney,Reed,pearsonchristopher@example.org,(378)565-8644x354,Savings,2021-10-29
25287168,Karen,Carroll,scott24@example.com,(401)319-2355,Credit,2025-04-26
25297647,Joseph,Camacho,richardjohnson@example.com,322.360.9227,Savings,2026-03-20
25435609,Linda,Smith,rhart@example.net,+1-635-941-2036,Checking,2022-10-08
25445222,Craig,Ford,michael92@example.com,(745)651-9585x041,Savings,2023-04-03
25594057,Jorge,Cooper,pattymason@example.org,001-975-612-6859x100,Savings,2023-07-26
25595903,Evan,Carter,samanthayoung@example.org,(750)519-3122x5122,Savings,2025-11-04
25607882,Lauren,Adams,youngvictoria@example.com,482-898-9993x41425,Savings,2024-04-30
25634600,John,Webb,iwhite@example.net,6836934511,Savings,2024-01-29
25764166,Adam,Clark,fjohnson@example.net,001-564-459-6100x384,Checking,2022-08-23
25788943,Claire,Perkins,jordantaylor@example.net,001-739-693-4143x289,Savings,2023-05-12
25793556,Christopher,Lindsey,rlong@example.org,856-366-3218,Credit,2025-11-14
25803764,Zachary,Lopez,rachelschultz@example.com,(563)293-8315x255,Savings,2026-01-09
25836678,Mark,Harper,robertnewton@example.com,647-669-4131x27191,Checking,2023-07-03
26014002,Joshua,Bell,nwalker@example.org,664.604.9673x264,Credit,2025-05-10
26030109,Kenneth,Castillo,shelleygross@example.com,412.726.9684,Savings,2026-03-22
26196468,Angela,Wagner,michaelallen@example.org,(322)409-8257,Credit,2023-07-05
26225605,Jonathan,Chan,sheila59@example.org,208.748.2209,Savings,2024-03-16
26247811,Rodney,Wood,jerrygarcia@example.net,395.811.3451,Checking,2025-09-07
26251774,Greg,Gomez,valenzuelasarah@example.org,907.397.9339,Checking,2024-02-10
26307151,Christopher,Holden,wmeyer@example.org,(603)363-8779x743,Credit,2022-02-02
26474496,Kristi,Gutierrez,william77@example.com,449-740-7902,Credit,2022-02-03
26489049,Sean,Copeland,zachary59@example.net,605.523.4845,Checking,2025-07-02
26543670,John,Jackson,kristindunn@example.net,+1-443-936-6417x8878,Savings,2022-02-08
26546142,Alan,Jones,rosserik@example.org,587-204-5351x0832,Savings,2024-10-12
26895803,Russell,Perez,cwallace@example.net,545.683.7962x6862,Credit,2023-01-21
27142861,Betty,Little,ijones@example.org,8638431427,Savings,2024-12-06
27160062,Joseph,Hernandez,michellelee@example.net,+1-926-947-6081,Checking,2023-06-17
27327860,Robert,Garcia,fhaynes@example.org,(944)429-8416,Checking,2022-04-14
27339239,Danielle,Rosario,villegasryan@example.net,001-379-990-8516x205,Savings,2023-10-08
27646662,Hannah,Bush,joshualang@example.net,781.379.4781,Credit,2023-03-11
27695789,James,Lee,aaronthomas@example.com,(483)233-0937x524,Checking,2025-03-11
27832757,Jason,Dunn,jford@example.org,001-741-497-0369x775,Savings,2023-10-08
27858981,Jennifer,Evans,scottkimberly@example.net,001-353-873-6536x374,Credit,2021-05-26
27887645,Michelle,Reid,michaelfisher@example.net,(821)648-2063x4273,Credit,2024-02-22
27923986,Kenneth,Butler,shelbyrobinson@example.net,341.297.6707x0689,Savings,2023-01-16
27924337,Jesse,Perez,nfischer@example.org,001-659-377-3630x139,Checking,2024-09-16
28010279,Brittney,Kennedy,jburton@example.org,272-951-5893,Savings,2024-03-05
28145053,Andrea,Vazquez,deanna85@example.com,+1-725-526-0338x6300,Savings,2026-01-05
28182932,Judy,Rivera,vcarroll@example.net,249-533-9221,Credit,2022-09-09
28281497,Anita,Brown,nicholsbecky@example.org,001-486-468-3012x029,Checking,2026-03-10
28289414,James,Gilmore,donnaward@example.com,001-593-262-2223,Credit,2026-02-18
28310380,Matthew,Lewis,yolanda85@example.net,957.519.6067x4490,Savings,2026-02-24
28357321,Robert,Baker,vlewis@example.net,329.211.8282,Checking,2025-09-30
28428800,Christopher,Richard,kathryn32@example.com,521.987.9534x161,Credit,2023-08-09
28435695,Tina,Little,davidrichards@example.net,8447066511,Savings,2023-07-06
28800218,Toni,Hernandez,yjohnson@example.org,(614)898-4153x85295,Savings,2023-08-20
28831819,Charles,Walters,christopherflores@example.com,+1-891-996-5785x4195,Checking,2024-04-04
28931766,Brandi,Orozco,jonesjonathan@example.com,001-470-616-4347x579,Savings,2024-11-05
28999849,Shawn,Berry,johnwood@example.org,836-490-8527x206,Checking,2023-07-22
29103149,Deborah,Gonzalez,bushbrittney@example.net,(873)479-4855x469,Checking,2025-07-20
29247756,Austin,Mckenzie,chasethomas@example.com,(464)862-9273x9443,Credit,2024-06-12
29282987,Lauren,Mercer,bevans@example.com,001-300-786-5774x777,Credit,2024-04-11
29540946,David,Kennedy,pstanley@example.org,+1-235-986-3982x612,Savings,2024-10-17
29759798,Veronica,Hernandez,lori37@example.com,850-301-6666,Savings,2024-12-13
29781886,Christine,Patel,jean52@example.net,329-521-1866x315,Checking,2022-08-12
29872521,Miranda,Carr,marvin82@example.net,(736)239-5667,Credit,2024-11-04
29942011,Patricia,Powers,pamela32@example.com,241.602.6999x99158,Savings,2025-01-13
30131523,Alan,Bailey,patrickcrawford@example.org,+1-387-280-3433x127,Credit,2022-06-19
30160720,Tanya,Mccoy,hernandezfrancisco@example.org,001-538-276-5427x086,Checking,2021-05-17
30356029,Bethany,Trevino,rebecca79@example.net,(579)306-5237,Checking,2023-05-18
30541397,Peggy,Henry,tarasanchez@example.net,351-499-9044x3809,Savings,2021-11-01
30615612,Michael,Harris,dscott@example.net,830.470.0287x84170,Savings,2025-12-18
30679543,Sharon,Black,collinselizabeth@example.net,001-253-694-4457x275,Checking,2022-03-08
30857654,Nancy,Rodriguez,susan76@example.com,+1-377-917-3043x2555,Savings,2024-09-18
30894123,Louis,Schultz,robinsoneugene@example.org,+1-770-811-2665x468,Savings,2021-06-06
30994976,Daniel,Campos,jonesmichael@example.net,001-898-765-2547x589,Credit,2025-02-04
31124354,Tammy,Poole,brittanymiller@example.org,(661)540-3457x41533,Credit,2025-06-26
31135584,Jeremy,Garcia,rcampbell@example.net,673-215-8200x4457,Credit,2024-11-04
31148379,Emily,Frank,janicewiggins@example.org,+1-735-579-9630,Savings,2024-08-21
31162202,Robert,Lewis,cmiller@example.org,2005774387,Credit,2024-06-23
31469227,John,Brown,nashwalter@example.com,330-399-8589,Savings,2025-08-14
31471114,Susan,Wright,galvarez@example.org,(831)910-8338x15304,Credit,2025-01-18
31479543,Ricardo,Mays,erinwilson@example.net,276-950-1758x731,Checking,2025-06-27
31699353,Dawn,Watson,omar49@example.com,001-694-229-3866x433,Credit,2025-06-05
31785135,Julia,Wade,michellewalker@example.net,+1-955-882-3434x4829,Credit,2021-05-16
31842254,Rebecca,Tapia,ysmith@example.com,001-331-833-0502x707,Checking,2023-01-26
32019279,Anita,Woods,derrickhansen@example.net,211-411-1466,Credit,2024-10-02
32194175,Amanda,Mccoy,jackiehall@example.com,(884)861-1529x81831,Checking,2022-09-17
32289518,Judy,Cameron,daniel55@example.com,(433)351-1082x020,Checking,2023-07-12
32334593,Carlos,Pennington,wmata@example.net,(798)316-6315,Checking,2021-10-09
32460798,Mary,Hanson,catherine15@example.net,607-506-1947,Savings,2024-12-27
32498813,Alexis,Potter,ebony73@example.com,484-708-8608x6981,Checking,2023-02-04
32503747,Angel,Ruiz,corygonzales@example.org,791-677-1950,Savings,2021-11-13
32609657,Carolyn,House,jonessabrina@example.com,001-840-867-7523,Savings,2026-04-12
32611963,Justin,Green,betty22@example.org,9032071033,Checking,2022-06-04
32785816,Justin,Tyler,olivia27@example.com,955.274.2711,Checking,2022-02-08
32916022,Ashley,Salazar,malvarado@example.com,001-687-694-7679x431,Credit,2023-01-10
32965266,Ricky,Cox,spencerbill@example.net,356-806-8334x5697,Checking,2022-04-29
32976377,Chelsey,Valdez,christopheralexander@example.org,654-828-3971x0214,Savings,2022-03-24
33066343,Shirley,Torres,sjennings@example.net,577.837.9004,Savings,2022-04-02
33148296,William,Ryan,pcollins@example.org,742-781-7079,Credit,2025-10-19
33185557,Clinton,Navarro,schmidtbrian@example.com,5649699866,Credit,2026-04-15
33188751,Robert,Hamilton,vcox@example.com,600.608.6136,Checking,2025-09-01
33235768,Melinda,Sellers,perezmathew@example.org,+1-829-358-5926,Checking,2022-03-08
33273131,Anthony,Tucker,carrillojulie@example.com,+1-356-879-6655x1462,Savings,2021-06-24
33277227,Anne,Hernandez,justincarter@example.org,(752)418-2685x1140,Checking,2023-09-05
33299487,Christopher,Lopez,daughertymichelle@example.com,355-316-1665x352,Savings,2021-10-16
33662145,Keith,Kim,cathymyers@example.com,421-271-7407x6976,Savings,2025-05-27
33677015,Katherine,Moore,robinsonjoseph@example.net,760-705-0093x81715,Checking,2021-10-19
33712618,Amanda,Dorsey,desireemendez@example.org,920.362.9038x6585,Credit,2025-06-11
33750767,Joseph,Johnson,jesse11@example.com,3198747405,Checking,2022-06-05
33783863,Lorraine,Barker,david20@example.net,683.242.5152,Credit,2025-06-07
33841434,Miguel,Black,ydeleon@example.org,001-892-937-5408x607,Credit,2022-08-23
33888207,Sara,Johnson,douglasgreen@example.com,532-939-0263x85196,Checking,2025-12-30
33921384,Scott,Dunlap,megan25@example.org,782-455-7123x093,Credit,2026-02-04
34046672,Brad,White,adavidson@example.org,001-620-517-6724x284,Credit,2025-05-04
34170859,James,Patton,robinsonscott@example.org,215.532.4860x5780,Savings,2024-04-19
34191366,Ashley,Thompson,sheliastone@example.org,+1-560-686-8437,Credit,2026-02-27
34299851,Marissa,Olson,scottklein@example.net,(712)311-4249x8700,Savings,2024-06-14
34369565,Andre,Murphy,ngutierrez@example.net,(578)801-9145x964,Credit,2021-08-13
34456156,Carolyn,Preston,brianmueller@example.org,639.313.0139x45259,Savings,2024-12-04
34552088,Robert,Hebert,charlesnelson@example.org,473-590-2789x053,Checking,2023-11-10
34641485,Michael,Jackson,rachelmcmahon@example.net,468-696-0771,Savings,2023-06-18
35142732,Courtney,Wheeler,mary90@example.org,209-751-2707,Credit,2022-11-30
35168038,Heather,Snow,burnscarol@example.com,001-539-965-7268x479,Savings,2025-09-01
35426330,Jeffrey,Price,townsendclaudia@example.net,+1-861-892-4578x9021,Savings,2025-04-29
35433266,Anthony,Smith,sjohnston@example.org,3486052867,Credit,2023-08-31
35772839,Diana,Molina,ryandaniel@example.com,(781)337-5865,Credit,2022-09-06
35786926,Matthew,Garcia,jessica54@example.net,247-619-1998x5526,Credit,2024-03-02
35879666,Katelyn,Armstrong,jonathan30@example.org,9396851180,Checking,2022-10-16
35967205,Juan,Bell,njones@example.net,(221)907-3697x3733,Savings,2025-08-08
36004705,Christine,Humphrey,marvinflores@example.net,481.923.7895,Savings,2026-04-09
36007630,Anne,Lopez,sloanjulie@example.net,(255)849-5120x27625,Credit,2024-07-18
36169006,Michael,Carpenter,hannahwheeler@example.com,001-488-943-7640x591,Credit,2025-10-29
36178440,Pamela,Baker,blambert@example.org,001-529-563-6510,Checking,2025-09-30
36198082,Melissa,Weaver,robert47@example.com,608.581.3935x9756,Savings,2024-01-30
36329410,Lori,Houston,michellehines@example.net,001-227-762-6087,Savings,2024-01-02
36360167,Nicholas,Cain,joseph24@example.org,849-695-4110x75195,Credit,2023-12-09
36362281,Richard,Gomez,uchristensen@example.net,(609)463-7036,Checking,2023-08-27
36455904,Manuel,Ball,david51@example.com,741-732-5124x128,Savings,2025-10-28
36666565,Amanda,Young,xjohnson@example.com,(888)411-9246x190,Checking,2021-05-07
36701857,William,Knight,stephanie56@example.com,001-931-561-0621x422,Checking,2025-02-14
36725912,Felicia,Valdez,shawnmendoza@example.org,+1-884-743-1672x181,Savings,2024-11-28
36731616,Courtney,Sims,jessica12@example.org,+1-449-415-8650x743,Savings,2024-12-26
36859233,Christopher,Kramer,knightmathew@example.com,9316926561,Credit,2024-02-09
37111130,Troy,Evans,carrilloeric@example.com,6354529748,Credit,2023-09-14
37122600,Angela,Christensen,lisastevens@example.com,(685)831-4101,Checking,2022-10-21
37195050,Melissa,Brewer,powelljeffrey@example.net,001-672-279-2678x680,Savings,2023-03-21
37208468,Scott,Butler,sherri80@example.com,529.211.4415,Credit,2022-05-10
37230764,Troy,Wise,hallen@example.net,001-626-891-8659x436,Checking,2021-12-17
37334918,Carl,Flores,shawn21@example.com,278-662-1098x5755,Credit,2026-02-17
37415833,Laura,Williams,joseph66@example.org,5765064259,Savings,2022-01-03
37472632,Krista,Howell,johnstonmitchell@example.net,001-615-664-7241x305,Credit,2025-12-21
37491334,Dennis,Phillips,oobrien@example.com,(437)958-6905x6342,Checking,2025-01-31
37662726,Amber,Saunders,pattonrachel@example.com,+1-617-609-9437x4522,Credit,2024-10-22
37760488,David,Mcconnell,cweaver@example.net,(528)539-4183x9593,Savings,2023-02-26
37922386,William,Green,usmith@example.org,001-743-297-8776x372,Savings,2022-12-08
37971432,Charlene,Le,kim45@example.net,(947)989-5070x015,Checking,2024-05-29
38002552,Shelley,Murphy,avance@example.net,(933)388-5908x266,Credit,2021-11-04
38006251,Joseph,Cabrera,aprilscott@example.net,+1-644-598-6588,Checking,2024-08-08
38396725,Bobby,Frost,shelbywatson@example.org,260.825.1565,Checking,2021-08-23
38522319,Jessica,Rush,catherine19@example.org,(511)272-8236x6808,Checking,2024-07-06
38727541,Anthony,Brown,seanhale@example.net,649-777-9287x221,Checking,2021-10-26
38753209,Suzanne,Wright,jacob88@example.com,+1-631-756-5086x4675,Credit,2023-02-03
38828606,Peter,Burns,montoyakimberly@example.com,(369)927-8674,Checking,2021-06-13
38904444,Randall,Robles,sandy28@example.com,9196955977,Checking,2024-12-30
39018540,Tiffany,Brown,kelseytaylor@example.com,533-396-0358,Checking,2024-12-11
39021915,Ashley,Barajas,gregoryhunter@example.com,978-798-1583x879,Savings,2021-05-15
39075077,Tonya,Douglas,dwayne37@example.net,+1-364-362-9024x482,Savings,2022-03-27
39111771,Stephanie,Hayes,diazadrian@example.com,732.734.4803x242,Checking,2025-06-24
39151126,Jacob,Mccall,jesse52@example.com,256-656-0859x4829,Savings,2024-10-06
39250309,Steven,Leon,walterssusan@example.com,5387867553,Savings,2024-03-11
39423319,Wesley,Duncan,wjones@example.com,001-369-225-7414,Checking,2022-10-28
39443946,Suzanne,Ellis,christopherruiz@example.org,(391)534-3121x21443,Checking,2023-06-29
39444499,Kelly,Morris,wilsonlisa@example.org,914.740.2415x2759,Credit,2022-10-30
39518215,Jerry,Blackwell,smallann@example.org,2984529445,Savings,2024-06-18
39577404,Benjamin,Johnson,yking@example.net,001-709-758-1283x242,Checking,2025-04-11
39674985,Kimberly,Patterson,brandiparks@example.com,+1-927-276-5465x6851,Credit,2022-02-21
39711244,Renee,Bennett,elizabethpatterson@example.net,(214)257-6238x180,Checking,2025-02-18
39844818,Chad,Young,pattersonjacqueline@example.net,(571)372-7117x0952,Credit,2021-10-02
39925331,Glenn,King,danny66@example.com,001-869-632-2267x493,Checking,2021-11-14
40196763,Linda,Ross,kinggabriel@example.com,2955396379,Checking,2023-06-06
40331529,Daniel,Hawkins,tsutton@example.com,6589181095,Savings,2026-03-28
40337276,Raymond,Torres,dawnobrien@example.com,218.384.5673x738,Checking,2021-08-13
40424111,Julia,Fowler,collinsashley@example.net,6739012803,Checking,2023-08-05
40456179,Jason,Fox,cooperjeffrey@example.com,791.599.5271x2196,Savings,2022-12-27
40522615,Daniel,Mcknight,elizabeth51@example.com,306-632-3373,Credit,2023-04-08
40625329,Randy,Johnson,adamgriffin@example.com,001-893-408-1595,Checking,2023-01-19
40696600,Renee,Jones,tinawhite@example.net,(524)655-6878x355,Checking,2021-05-14
40870466,Wendy,Williamson,perryrebecca@example.com,797.219.1764x5222,Credit,2024-03-05
40947468,Brooke,Montgomery,amymartin@example.org,001-901-323-3887x330,Savings,2026-01-09
41328630,Jennifer,Torres,cdavis@example.org,001-854-552-5530x888,Savings,2021-09-25
41398272,Christian,Green,wendy77@example.org,402-674-7233x96384,Savings,2025-11-30
41511015,Brandy,Dixon,jasonwood@example.com,270-282-4681x87988,Savings,2026-03-18
41540013,Kathryn,Hanson,derekstephens@example.org,001-615-255-7258x913,Savings,2021-10-16
41629475,David,Lewis,vpace@example.org,654.696.1981,Checking,2024-07-01
41674707,Stephen,Moore,osborncourtney@example.net,001-394-296-1814,Credit,2022-09-28
41677962,Adam,Johnson,ipalmer@example.org,794.291.9585x279,Checking,2024-10-26
41679896,Taylor,Ellis,wlogan@example.com,+1-686-548-9667x372,Credit,2023-12-09
41714160,Steven,Marquez,allenmary@example.com,(753)845-1755,Checking,2023-07-14
41871980,Stacy,Fox,erika38@example.com,001-741-417-3062x595,Checking,2021-11-03
41883415,Mark,Merritt,ninabond@example.net,(727)867-3199x30263,Credit,2025-03-08
41935875,Mary,Eaton,msmith@example.net,822-559-8078,Savings,2023-02-28
41944998,Rebecca,Dougherty,brittany09@example.com,7922717951,Savings,2024-11-16
42288386,Rebecca,Kelly,kramereric@example.com,001-236-418-6122x507,Checking,2024-09-14
42343547,Andrew,Matthews,julia94@example.com,487-238-8344,Credit,2022-12-13
42347612,Brianna,Davis,jennafernandez@example.com,600-350-0335,Savings,2025-02-03
42416388,Brian,King,amymitchell@example.org,+1-545-960-3411x186,Savings,2025-02-10
42475918,Steven,Foster,jacobbeck@example.com,244-439-1903x985,Credit,2024-12-23
42497227,Sara,Robinson,donaldthompson@example.net,7162281463,Savings,2022-01-16
42592421,Julie,Harris,sarahbaker@example.net,325-222-7027x891,Checking,2021-12-26
42612028,Melinda,Campbell,wilsonsavannah@example.net,637-793-9835,Credit,2024-01-02
42650604,Julie,Bernard,chernandez@example.net,(301)693-5320,Checking,2023-09-17
42722415,Jennifer,Mcclain,ugolden@example.com,001-904-910-0897x304,Savings,2021-06-28
42733734,Cheryl,Clark,qcook@example.net,215.766.1057x125,Credit,2024-07-31
42940210,Alexis,Jones,christineanderson@example.org,+1-807-675-9803,Checking,2023-12-28
42990506,Zachary,Cooper,iroberson@example.net,302-598-0739,Checking,2024-12-04
43179197,Kimberly,Barrett,weaverjoseph@example.com,841-835-3816,Credit,2025-05-03
43397021,Cindy,Jensen,georgewalker@example.com,+1-629-820-5721x150,Savings,2023-05-06
43800562,Brian,Hardy,pdavis@example.com,332-827-9126,Checking,2021-07-26
43808352,Joel,Marshall,jennifer61@example.com,8946312356,Savings,2021-04-19
43887538,David,Gonzalez,michelesmith@example.org,537.468.5834,Credit,2021-12-21
43960754,Elizabeth,Shaw,tmartinez@example.org,6655551453,Credit,2024-12-11
44077774,Alexander,Grant,jhoward@example.org,001-452-985-4863x978,Credit,2025-06-14
44260357,Jason,Jenkins,moorepatricia@example.org,990-825-1400x840,Savings,2024-10-30
44348894,Andrew,Johnson,randygarcia@example.com,680-837-7985x137,Savings,2021-09-28
44365773,Robert,Anderson,psingh@example.net,+1-684-847-8280x7581,Credit,2023-07-01
44536313,Steven,Robles,chadlang@example.net,001-526-387-8392x295,Savings,2023-04-29
44593339,Tamara,Thomas,russelldavis@example.com,(844)760-3952,Credit,2024-12-05
44601543,Tara,Graham,julia79@example.net,001-445-220-6471x444,Credit,2024-02-20
45178574,Jean,Hernandez,michaelbutler@example.com,+1-224-256-2967x3909,Credit,2023-08-08
45212549,Jeremy,Garcia,mark94@example.com,806.478.6205x38498,Savings,2021-10-21
45247081,James,Evans,aellis@example.com,+1-611-829-3863x606,Checking,2023-10-10
45276374,Dan,Mcneil,amberfarmer@example.org,200-321-5220x1246,Credit,2026-02-09
45653657,Dylan,Davenport,lmorales@example.net,8852502531,Savings,2026-01-09
45677743,Kayla,Mccoy,cookrachel@example.net,597.614.1277x35318,Savings,2023-12-11
45749519,Thomas,Woodard,shawnjones@example.com,6668500443,Savings,2021-05-19
45796342,John,Bruce,tstevenson@example.net,(600)597-8253,Savings,2021-09-22
45856177,Chris,Smith,sbowers@example.net,(447)936-9754x05136,Checking,2024-12-05
45892489,Mark,Ramos,joel74@example.com,437-636-6692x03642,Savings,2023-04-01
46220819,John,Paul,andreabriggs@example.org,001-954-825-6855x659,Savings,2023-08-27
46232814,Tracy,Hall,dustin08@example.org,001-485-809-6079x847,Savings,2025-06-09
46261784,Kevin,Clements,haleycantu@example.org,616-510-4829x1809,Checking,2023-01-02
46383494,Marc,Brown,jonesdiane@example.net,001-972-225-3395x605,Checking,2022-04-05
46384732,Emily,Ho,delacruztommy@example.net,629.599.0643,Checking,2023-04-19
46520531,Steven,Ayala,phillipgordon@example.com,743-503-9152,Credit,2021-05-25
46631649,Kimberly,Turner,uwashington@example.org,+1-954-597-8447x547,Credit,2024-03-11
46766643,David,Haynes,iporter@example.net,398.974.2588,Credit,2022-10-25
46774184,Michael,Singleton,kyle46@example.com,747.825.9002x0422,Credit,2022-12-13
46774686,Jamie,Perry,sean26@example.org,(532)737-8480,Checking,2023-10-13
46845511,Shaun,Tucker,curtis40@example.org,8127885426,Credit,2024-12-31
46991618,Adrian,Armstrong,brenda61@example.org,(551)275-0220x75272,Checking,2021-11-10
47113693,Jaime,Johnson,barkerjames@example.org,489.459.5162x93320,Credit,2022-05-11
47168180,Christy,Moran,mariataylor@example.net,291.890.5432,Checking,2021-10-04
47376649,Kimberly,Taylor,andrea01@example.org,001-859-862-7707x114,Savings,2021-11-25
47471370,Susan,Wright,kbernard@example.com,+1-543-418-9918x754,Savings,2024-05-13
47475353,Kristine,Walters,robertpham@example.org,834-299-0744,Credit,2022-07-15
47525421,Teresa,Kelley,brewerian@example.com,876.952.2702x7236,Checking,2022-11-03
47644305,Jessica,Garcia,karla50@example.net,(351)285-5269,Checking,2025-05-11
47668859,Mark,Stewart,christina31@example.org,001-432-941-3702x680,Savings,2021-05-08
47714971,Edward,Nolan,fevans@example.com,922-251-6322x741,Savings,2024-10-04
47738048,Edward,Harmon,christopherhunter@example.com,(249)656-6928,Credit,2025-03-16
48051387,Nichole,Palmer,lorisingh@example.org,625.842.5936x4345,Credit,2021-11-18
48162432,Karen,Fuller,cruzjoe@example.net,(218)325-6993x36530,Credit,2023-03-28
48316946,Sabrina,Khan,kevin59@example.org,323.294.6320x94189,Credit,2024-05-10
48410443,Carrie,Arellano,nataliemorales@example.net,880-326-8417,Credit,2024-10-09
48496169,Christopher,Hendricks,phillipsderek@example.com,+1-925-565-1667,Savings,2025-03-29
48668221,Amanda,Trujillo,marshanna@example.net,+1-485-861-6967,Savings,2024-07-06
48806730,Andrew,Carpenter,richard46@example.net,469-735-5119x423,Savings,2024-02-24
49120229,Christian,Brown,moorebrenda@example.com,(652)481-7361,Credit,2024-08-29
49230267,Angela,Lynn,donna90@example.org,+1-740-681-3600x0375,Credit,2025-07-06
49374825,Grant,Hunter,haley06@example.net,963.840.6724x02032,Checking,2023-11-06
49570884,Jeremy,Mcbride,deboraholson@example.com,468-983-0185,Savings,2024-05-12
49605990,Wayne,Simmons,anthonyavery@example.org,+1-910-411-5378,Credit,2024-02-20
49606835,Jennifer,Richards,jacksonchristopher@example.org,335.735.2487,Savings,2021-07-12
49665716,Diane,Thornton,franktoni@example.org,+1-392-251-9551x4029,Checking,2024-03-14
49687377,Sara,Porter,mlambert@example.net,001-738-693-3059x430,Checking,2024-04-01
49780246,Beth,Henderson,wayne12@example.com,001-929-485-7564x007,Savings,2022-05-31
49871736,Joshua,Davis,tina05@example.net,(533)754-9004,Checking,2023-03-26
49994082,Kevin,Kennedy,burnsalex@example.net,287-259-9760,Credit,2025-04-18
50064267,Samantha,Robinson,ronald08@example.com,(818)739-9116,Checking,2025-02-13
50093610,Danny,Williams,richarddavis@example.org,896-927-1699x29335,Checking,2023-07-23
50131166,Kevin,Allen,stacy74@example.org,001-534-413-5848x540,Credit,2025-01-14
50292066,Scott,Barry,hunterwilliams@example.net,+1-480-314-9469,Credit,2026-03-22
50561465,Justin,Nguyen,jessicawoodward@example.org,001-988-849-1187,Credit,2023-01-31
50719599,Taylor,Martinez,charlotte84@example.org,001-970-310-3717x940,Credit,2022-05-12
50722101,Charles,Rogers,robert14@example.net,5278583405,Credit,2021-04-27
50728651,Dawn,Ward,lopeznicole@example.net,384.845.2841,Savings,2022-05-08
50828005,Chloe,Duran,natalie85@example.com,(376)267-0881x970,Checking,2024-02-26
50869668,Penny,Gould,lisa60@example.net,001-288-676-6957,Checking,2025-11-03
50913338,David,Nelson,josephduke@example.org,764-446-4022,Checking,2023-02-11
50996986,Beth,Cohen,mberg@example.net,001-809-539-6537,Savings,2023-08-20
51020531,Stephanie,Rios,cheyennelong@example.net,001-315-408-1137x788,Credit,2026-04-01
51021653,Cathy,Walker,sarah60@example.org,+1-322-306-7448x060,Savings,2024-07-27
51051847,Melissa,Berry,craig82@example.org,001-976-720-9748x535,Savings,2021-08-10
51080254,Laura,Simmons,zgriffin@example.com,279.213.0347x80170,Checking,2022-08-16
51098198,Amber,Cooper,trevorrichardson@example.com,+1-271-475-6168,Savings,2024-01-21
51147429,Rebecca,Ellis,rossrobert@example.net,275-516-5542x107,Checking,2024-10-27
51204539,David,Gonzales,jacksonanna@example.org,+1-920-943-1682x980,Credit,2025-08-06
51248638,Eric,Sosa,millstammy@example.net,327.541.3932,Credit,2025-01-20
51331512,William,Lee,cmoore@example.org,+1-569-234-7697x825,Checking,2025-04-18
51344886,Kenneth,Strickland,michaelsnyder@example.org,622-962-9634x8813,Savings,2024-08-04
51531479,Susan,Leon,brian28@example.org,(950)394-5619,Credit,2023-02-17
51631864,Mike,Fernandez,qhernandez@example.com,001-556-967-1624x599,Checking,2026-02-26
51754407,Jonathan,Cobb,david45@example.com,6519545814,Checking,2021-09-16
51810534,David,Thompson,fernando76@example.org,831-767-8585x1332,Checking,2023-10-17
51919267,Chelsea,Johnson,lori78@example.com,001-372-567-5482x115,Checking,2021-06-12
52032953,Paul,Jones,dennisrobert@example.org,+1-821-235-5763x1004,Credit,2024-02-21
52070203,James,Lee,wendywelch@example.net,001-304-303-3536x225,Savings,2022-04-24
52113276,Matthew,Cruz,jeffersonwalter@example.com,(846)305-6206,Credit,2022-01-27
52221406,Jamie,Sherman,patricia57@example.net,(995)934-1480,Checking,2021-06-10
52519228,Edward,Smith,zdecker@example.com,582.977.2742,Checking,2025-01-30
52637368,Debra,Casey,caseymatthew@example.com,+1-273-928-1717x4778,Credit,2024-07-08
52867419,Crystal,King,pmiller@example.org,001-552-525-4452x806,Checking,2023-08-26
52876631,Rebecca,Prince,morrowjames@example.com,001-550-967-0125x105,Savings,2023-05-05
52886795,Jennifer,Luna,zwelch@example.com,485-660-6341,Credit,2024-06-18
52931765,George,Stanton,scottwilson@example.com,683-746-3711,Credit,2021-10-23
52961422,Danielle,Ballard,trobinson@example.net,724.644.5760x12482,Savings,2023-11-01
53022986,Michael,Clark,harperwilliam@example.com,414.965.4099x629,Credit,2024-08-22
53169284,Jermaine,Butler,steven12@example.com,+1-539-935-7070x7174,Checking,2025-07-02
53225076,Jimmy,Webb,franklinstephen@example.com,949-441-1175,Savings,2022-10-27
53234283,Alexandria,Nelson,mquinn@example.net,001-385-808-7065x174,Savings,2025-12-26
53316529,Raymond,Freeman,gruiz@example.org,6167921399,Savings,2024-02-14
53321631,Daniel,Burns,ualvarez@example.net,499.366.7094x7852,Credit,2023-01-05
53332361,Emily,Jackson,nathanielflores@example.org,347.822.7964x60445,Checking,2025-09-08
53334347,Deborah,Barton,stevenwolf@example.org,633-775-9796x31999,Credit,2021-09-06
53454447,Justin,Kelly,kimberlycompton@example.com,684.293.3273,Checking,2023-09-17
53774872,Kevin,Martinez,hudsonbrittany@example.org,001-593-610-8899x638,Credit,2023-12-24
53779310,Paul,Mcclain,cody71@example.net,520-261-6888x368,Savings,2024-05-29
53845958,Gabriel,Gonzalez,heather39@example.net,001-787-771-9636x194,Savings,2022-09-24
53895753,Mary,Marquez,patrickfernandez@example.com,001-467-509-6797x391,Savings,2022-03-04
54065257,James,Rush,mperez@example.net,+1-952-603-2108x4146,Credit,2022-12-31
54245899,Sarah,Henderson,jasonwilliams@example.net,(686)481-4553,Checking,2025-07-27
54251586,Lisa,Hampton,dcarey@example.net,936.842.3849,Savings,2025-08-24
54444093,Angela,Aguilar,ywilliams@example.net,001-758-810-8986,Savings,2024-06-22
54578595,Tammy,Jennings,jason35@example.net,+1-901-200-7971,Savings,2026-04-05
54769934,Jose,Salazar,pwoods@example.org,451.704.7523,Credit,2022-11-24
54781520,Jesse,Roberts,marthapennington@example.com,(615)893-7258,Credit,2021-08-04
54799799,Gregory,Holland,leematthew@example.org,660-840-4942x464,Credit,2022-01-22
54922626,Scott,Lester,anna38@example.com,765-709-2794x51168,Checking,2022-08-25
55048955,Steven,Ramos,tara53@example.com,493.567.8390x5911,Checking,2024-08-30
55080185,Patrick,Brown,lisa08@example.org,+1-397-862-0065x299,Savings,2023-06-29
55145712,Monique,Smith,williamskari@example.net,001-279-427-0082,Savings,2024-05-22
55342306,Michelle,Carter,parrishlee@example.net,001-479-726-2249x197,Credit,2025-10-03
55422174,Richard,Garcia,thomasmatthew@example.org,(797)668-7566,Credit,2025-08-04
55524910,Brandon,Taylor,florescourtney@example.com,317.253.1244,Credit,2024-11-26
55568456,Cathy,Hammond,kaitlinandrews@example.com,6016042900,Credit,2024-02-02
55667876,Sarah,Willis,joseph97@example.net,001-372-488-0113x584,Savings,2025-09-16
55855189,Joseph,Peterson,scase@example.org,965-815-1379x06508,Credit,2021-12-11
55875771,Matthew,Johnson,yroberts@example.org,709.956.3557,Savings,2025-01-19
55971308,Thomas,Powell,halljill@example.org,001-734-447-1497x923,Savings,2025-11-03
55973796,Wendy,Thompson,boltonsheila@example.net,4919487134,Checking,2024-12-01
56027155,Deborah,Mendoza,marshchristopher@example.net,775-241-7534x379,Checking,2022-02-13
56399168,Andrea,Manning,kim31@example.com,7269736813,Credit,2022-10-09
56525658,Carla,French,hmorrison@example.net,(725)658-3139x292,Checking,2021-07-05
56658310,Michelle,Cook,uorr@example.com,+1-943-894-8998,Savings,2024-10-28
56701812,Andrew,Clark,gary80@example.net,427.329.7289x628,Credit,2025-09-25
56760487,Scott,Miller,ruth69@example.net,+1-993-427-3791x7199,Credit,2022-02-07
56927468,Todd,Logan,austinmichelle@example.net,9848046133,Credit,2025-05-12
57022507,Kimberly,Schmidt,bridgetward@example.com,621-372-0557,Credit,2025-12-14
57094570,Tara,Gray,butlersheila@example.net,(606)217-8935,Savings,2023-03-15
57136177,Nicholas,Duran,bethany83@example.org,(962)291-9696,Credit,2024-07-21
57149850,Jeffrey,Lara,frank67@example.net,381.635.4571x403,Savings,2025-01-21
57249314,Kathryn,Davis,ihubbard@example.org,8228834584,Credit,2026-04-13
57466955,James,Carter,everettdaniel@example.com,7106341206,Savings,2022-09-23
57618213,Anna,Rich,jason36@example.com,476-358-5940,Savings,2024-01-22
57650697,Katherine,Burton,mjames@example.org,(207)584-5829x65795,Savings,2025-01-20
57719975,Katherine,Quinn,phillipsmichelle@example.net,4115436516,Credit,2023-07-05
57804635,Gary,Case,jason75@example.com,3944939286,Credit,2026-04-19
57983867,James,Walters,eddie28@example.com,473.634.4539x509,Savings,2024-06-19
58072083,Bryan,Hess,obrienlindsay@example.com,001-724-267-8477x603,Credit,2025-11-18
58276881,Joel,Charles,christopher64@example.net,776-688-6356x4967,Savings,2022-12-09
58285479,Veronica,Davis,xgreer@example.net,785.959.5360,Credit,2023-06-07
58288220,Francisco,Boyer,robinsondevin@example.com,281.670.5676x469,Credit,2024-09-15
58494523,Matthew,Wilson,barbararodriguez@example.net,3515319238,Savings,2021-12-04
58542295,Matthew,Burke,julie57@example.net,526.713.7787x269,Credit,2023-05-09
58548576,Megan,Hardy,norma65@example.net,416.590.1789,Savings,2026-02-09
58691215,Brandon,Castillo,johnsonbradley@example.org,(654)210-4968,Savings,2022-10-06
58746601,Barbara,Kelly,ggonzales@example.org,653.246.1761,Checking,2024-07-14
58890663,Jessica,Jones,francisco62@example.org,001-569-425-1972,Credit,2024-08-26
58975557,Andrew,Kennedy,owilliams@example.org,274-340-6725x4602,Checking,2021-07-02
59124501,Mariah,Carpenter,dgreen@example.org,(686)398-6106,Checking,2024-03-27
59214890,Christopher,Jones,bryantjonathon@example.org,7379184016,Checking,2023-11-25
59235871,Shelly,Osborne,leslieguerrero@example.com,8562945662,Savings,2024-11-18
59350685,Traci,Velazquez,edward52@example.org,956.506.6613x6023,Checking,2022-08-20
59464574,Kenneth,Crawford,georgejuarez@example.org,204.469.9277,Checking,2024-02-25
59564975,Nicholas,Cook,kmcdonald@example.net,673-565-4096x5943,Savings,2021-08-23
59736086,Alejandro,Williams,jameswashington@example.net,(837)843-4859x82969,Checking,2025-06-30
59738422,Jennifer,Martin,qbutler@example.org,+1-510-364-7205x392,Credit,2022-12-03
59921915,John,Sheppard,jonathan31@example.net,(254)933-2322x49312,Savings,2025-05-17
59934228,Anthony,Bradley,smckenzie@example.org,001-671-306-3815,Checking,2024-03-17
59974267,Julie,Patel,johndelgado@example.net,325-418-4965,Checking,2025-04-04
60106436,Charles,Black,christianbryan@example.com,898.979.1669x2109,Checking,2025-10-22
60127946,Tanya,Morse,cuevasmegan@example.net,001-502-990-3589x559,Checking,2025-03-24
60199643,Donna,Rojas,jamesholmes@example.net,+1-906-406-9284x173,Checking,2025-09-14
60234350,Joyce,Powell,gregory04@example.com,(528)612-0652x6561,Savings,2024-03-02
60275062,Amanda,Valdez,rschroeder@example.org,001-774-313-6588,Credit,2025-11-23
60314349,Caleb,Hernandez,michelle23@example.net,958.738.2835,Credit,2022-12-28
60335783,Melissa,Carter,rdavis@example.net,760.698.4124,Checking,2023-08-21
60339077,Dean,Landry,ppierce@example.net,462.944.2633,Checking,2025-02-12
60451888,Thomas,Barker,danawood@example.net,207.877.1505,Checking,2023-12-28
60462276,Rebecca,Lowe,marycastillo@example.net,715.247.0217,Checking,2021-10-10
60467332,Wendy,Wilson,jorge40@example.org,001-316-264-1377x235,Savings,2022-12-06
60558672,Jennifer,Mills,theresa31@example.org,+1-494-820-6060x4773,Checking,2024-03-16
60617573,Christopher,Campbell,jaimedavis@example.org,2166933967,Savings,2025-02-07
60986018,Lisa,Brown,moyermary@example.org,001-759-580-9307,Savings,2022-01-14
61023794,Laurie,Edwards,hhubbard@example.org,813.768.3391x607,Savings,2022-04-16
61090874,Bonnie,Nelson,jasmine33@example.net,662-491-1058x1715,Checking,2022-09-03
61173074,Deborah,Singleton,kennethstewart@example.net,+1-644-500-3273x404,Credit,2023-11-15
61342446,Jonathan,Moore,francisco38@example.net,640-811-0646,Credit,2024-04-13
61368085,Keith,Myers,petersadrian@example.com,5095380872,Credit,2026-02-13
61397576,Amy,Bell,hollowaykelsey@example.net,907-255-1371,Credit,2022-11-19
61440275,Jeremy,Nelson,dpratt@example.net,2779004944,Checking,2022-10-27
61633031,Wesley,Peterson,psilva@example.com,421.277.3397x17438,Credit,2021-07-21
61634147,Joshua,Jones,robertlin@example.org,957.488.7335x172,Savings,2021-10-13
61697830,Anna,Brooks,whitedakota@example.com,432.803.2956,Credit,2024-07-05
61702222,Emily,Cole,rcarroll@example.net,+1-777-868-4619x879,Savings,2024-09-16
61712898,Raymond,Hogan,crystal52@example.com,+1-308-948-2892,Checking,2023-08-26
61820193,Diana,Thompson,zpeterson@example.org,403-573-3738,Credit,2021-11-26
61854716,Jeffrey,Ruiz,perezcindy@example.com,6693900055,Checking,2023-07-24
62153135,Jill,Villarreal,danieltina@example.net,(930)859-6089x478,Savings,2024-06-16
62178453,Leon,Hampton,karen99@example.org,526-337-0209x978,Savings,2025-02-14
62348065,Ray,Carter,timothy17@example.com,(880)509-0386x345,Savings,2025-07-27
62369540,Jason,Moreno,gallegosbrandy@example.net,(737)748-6619x820,Checking,2023-12-04
62400078,Martin,Jenkins,allendaniel@example.com,+1-519-568-5636x2939,Checking,2023-04-12
62459657,Daniel,Jackson,nruiz@example.com,861.680.2615x538,Credit,2021-12-26
62565951,Justin,Everett,umorales@example.net,675-687-2490,Credit,2022-03-16
62625654,David,Perez,robinsonjulie@example.org,(342)251-5852x861,Checking,2024-03-09
62692671,Lauren,Robertson,pcooper@example.net,542.434.2669x056,Credit,2022-10-09
62727886,Katelyn,Carlson,smcguire@example.com,+1-441-655-7271x6850,Checking,2026-03-21
62790019,Ashley,Nunez,jennifer42@example.org,651.509.0037x601,Credit,2024-04-29
62933551,Brian,Harding,cwiggins@example.com,3816064133,Checking,2022-11-30
62955015,Amy,Boyle,leonardscott@example.net,367.725.5891x228,Savings,2023-01-28
62965772,Nancy,Perkins,davidharris@example.net,(790)390-1424,Checking,2025-10-14
63019799,Nicholas,Stevenson,johncarrillo@example.net,(337)465-6031x4298,Savings,2025-12-15
63435119,Darlene,Daniels,zhughes@example.org,(999)956-7140x95036,Checking,2026-03-30
63591871,Phillip,Combs,matthew83@example.org,001-324-988-7780x874,Checking,2024-08-16
63628420,James,Santiago,amyweaver@example.com,+1-778-506-6683,Credit,2025-09-15
63634168,Adam,Byrd,tchavez@example.com,(568)905-2315,Credit,2021-10-30
63641178,Jacqueline,Schmidt,andrewwoods@example.org,(265)553-2552,Savings,2025-12-09
63665506,Angela,Holloway,uturner@example.org,2417602075,Checking,2022-04-28
63754343,Tracy,Baker,haroldmiller@example.net,(630)501-1905x37170,Savings,2021-11-19
63771908,James,Hoffman,matthew20@example.net,827-877-2068,Credit,2021-06-27
63848523,Cody,Li,townsendjennifer@example.org,+1-796-541-7480x3565,Credit,2023-12-08
63862131,Joel,Greene,maxramsey@example.org,945.541.3541x509,Credit,2023-03-10
64104093,Karen,Jones,joconley@example.net,822.598.8818,Savings,2025-05-11
64233708,Mark,Burton,katiemorales@example.org,368-522-2362x0550,Checking,2023-07-05
64439372,Andrew,Glass,christine95@example.com,368-602-1917,Credit,2021-07-17
64534085,Jennifer,Molina,pambrown@example.net,(715)447-2380x66242,Checking,2021-08-17
64564150,Bailey,Diaz,zhammond@example.com,001-633-870-1033x715,Checking,2022-10-07
64585317,Jennifer,Higgins,suzannesmith@example.com,(656)702-6885,Savings,2025-01-10
64593168,Crystal,Stevenson,anita82@example.org,(590)568-9252x429,Savings,2025-04-07
64615057,Anthony,Miller,brittanymonroe@example.org,259.766.9669x63937,Credit,2025-07-23
64660485,Sarah,Allison,pamela96@example.net,(568)254-4598x4679,Savings,2023-06-18
64920309,Michael,Baker,dwayne65@example.net,8112595816,Checking,2021-05-10
64997890,Tracy,Knight,michaelbush@example.net,7043227629,Credit,2024-06-12
65007837,Terrance,Ayers,patricia26@example.net,(955)638-4841x071,Savings,2021-10-05
65017453,Tina,Valdez,bmaynard@example.com,001-271-238-6150,Savings,2025-07-30
65034724,Erika,Lindsey,keysamuel@example.net,(961)453-5505,Credit,2025-04-15
65041331,Aaron,Smith,donaldsims@example.com,(968)767-9345,Savings,2022-10-04
65095045,Chase,Cohen,evansashley@example.org,001-245-589-0437x458,Savings,2021-12-23
65194954,Allison,Smith,tanyasutton@example.com,+1-426-925-7169,Savings,2023-08-22
65231435,Michael,Moore,cruzbrian@example.net,888.486.1356x3770,Credit,2022-05-30
65234195,Ethan,Powell,timothythomas@example.org,350.764.0662,Checking,2025-07-05
65310001,Brittany,Massey,robertschaefer@example.net,529-298-3921x06701,Checking,2024-06-26
65345960,Andrew,Payne,ayerskaren@example.org,(919)577-1660,Checking,2025-03-23
65357465,Katherine,Briggs,randy99@example.org,406-414-0360x3811,Savings,2022-09-13
65411524,Dennis,Morgan,ecain@example.net,381-963-6836x7776,Savings,2023-01-03
65656172,William,Lee,whines@example.net,+1-817-726-8263x3515,Savings,2025-04-05
65798270,Tracy,Best,grahamjames@example.com,+1-898-735-8027x4512,Savings,2024-06-21
65828268,Kathryn,Paul,bgonzalez@example.org,927.735.1241x104,Checking,2023-03-11
65864112,Joshua,Pennington,jonesdanielle@example.com,(512)560-9264x241,Credit,2021-10-27
65934673,Harry,Browning,kelly39@example.net,793-520-6081x9792,Savings,2021-05-02
66076955,John,Barnes,vanderson@example.net,984-935-6147x7128,Credit,2024-07-23
66127882,Andrea,Johnson,cody98@example.net,+1-571-636-6638,Savings,2021-12-11
66176793,Arthur,Kaiser,amandawilson@example.org,001-908-619-3814x388,Checking,2023-01-16
66238535,Russell,Morris,kyliedalton@example.org,886.286.7158,Savings,2025-01-12
66325809,Ashley,Sanchez,eblackburn@example.org,001-244-807-7918,Checking,2024-09-11
66372739,Dawn,Mata,rfarmer@example.org,452.780.0360x11827,Credit,2026-02-11
66383998,Joseph,Castillo,alexisgarza@example.net,+1-899-251-5750x066,Checking,2022-02-17
66410998,Shawna,Barnes,megan55@example.com,505.779.3421x825,Checking,2023-09-12
66773659,Amber,Smith,samuelkane@example.net,515-814-9971x603,Checking,2026-02-13
66783610,Michael,Baker,angelastone@example.org,+1-445-517-6172,Credit,2022-09-09
66904487,Angela,Rivera,thomas79@example.com,001-357-700-0863x316,Checking,2024-09-14
66950988,Shane,Taylor,maria33@example.net,001-596-200-3817x107,Checking,2022-03-01
67233893,Matthew,Franklin,johnwilliams@example.net,001-492-703-4919x942,Checking,2021-12-20
67325034,Lori,Rodriguez,shawnreed@example.org,(411)414-5293,Savings,2025-10-06
67353739,David,Hill,rollinswesley@example.org,(933)223-5801x51192,Checking,2021-09-18
67485641,David,Franklin,diane41@example.org,+1-871-590-3841x0101,Credit,2022-02-20
67626188,Joshua,Bates,jessica82@example.org,001-410-775-9372x667,Savings,2023-03-04
67691817,Jennifer,Harvey,orodriguez@example.com,4565926922,Checking,2024-05-25
67722414,Jennifer,Mora,harold85@example.org,001-592-205-8554,Checking,2025-07-11
67768241,Eddie,Boyd,abriggs@example.com,+1-954-567-5420x3503,Checking,2021-12-14
67863062,Gary,Pham,dakota77@example.org,850.916.4270,Credit,2022-12-16
67863302,Joseph,Allen,jjohnson@example.net,755-366-4869,Checking,2024-11-24
67899069,Christopher,Kelly,russelljeremy@example.net,681-358-0791,Savings,2022-01-19
67963416,William,Bennett,carolyndelgado@example.org,845.581.9951x465,Credit,2022-06-27
68128988,Teresa,Bautista,ashleylewis@example.com,(681)249-6281x389,Savings,2026-01-24
68136445,Martin,Taylor,ashleydodson@example.org,557-364-2135x45277,Credit,2021-08-24
68178709,Annette,Nolan,blankenshipnatasha@example.org,972.740.8664x95338,Credit,2024-04-21
68353856,Mariah,Ellis,duane42@example.net,424-346-8924,Savings,2022-01-09
68356534,Jaime,Richard,jaustin@example.net,328.830.9508x2646,Savings,2026-02-10
68391764,Karen,Wright,zjohnson@example.org,+1-474-208-8763x0396,Savings,2026-01-18
68554287,Patricia,Marshall,alexander73@example.com,(302)610-7785x979,Savings,2025-06-21
68598283,Andre,Wilson,esteele@example.com,373-389-2236,Credit,2022-08-01
68641572,Courtney,Ballard,brownrobert@example.com,001-970-443-7814,Savings,2022-08-16
68796974,Ryan,Day,dmclean@example.com,+1-898-319-7844x4907,Savings,2026-02-12
68847882,Brandy,Page,justinnelson@example.org,+1-295-469-0392x861,Savings,2021-06-07
68898604,Ernest,Wright,frankwolfe@example.com,501-327-6305,Savings,2021-06-14
68964355,Courtney,Ryan,anthony38@example.org,714-385-3775,Savings,2021-10-04
69004740,Jeffrey,Arnold,imiller@example.org,+1-546-916-8002x512,Checking,2022-09-03
69011308,Connie,Patel,terryjulie@example.net,001-390-218-7260x705,Checking,2021-06-25
69050150,Ronald,Gomez,wheelernathan@example.com,739-275-9367,Checking,2022-04-16
69135271,Steven,Mejia,hzuniga@example.com,9565707308,Savings,2025-12-05
69235014,Edward,Hampton,trogers@example.org,599.316.5541,Checking,2026-02-13
69475674,George,Cooper,llewis@example.org,+1-412-208-9439x4432,Checking,2023-12-07
69520160,Andrew,Wheeler,bmiller@example.org,+1-693-993-9859x3970,Savings,2024-01-26
69562651,Susan,Butler,sherryleon@example.org,546.380.4086x41676,Credit,2024-03-04
69585856,Donald,Gibbs,smithdaniel@example.net,001-962-283-1300x525,Checking,2022-07-11
69743866,Yvonne,Oliver,sheila51@example.net,3378393563,Savings,2024-09-21
69765128,Tamara,Hudson,taylordavid@example.org,705.322.9826x231,Credit,2025-01-16
69771058,Todd,Harris,omcgrath@example.com,931-309-8016x182,Savings,2024-08-20
69801942,Paula,Holder,cody70@example.net,001-352-951-8840x383,Credit,2024-12-04
69890411,Lauren,Turner,matthewrojas@example.com,001-913-322-3839,Credit,2026-04-17
69919192,Leslie,Ayers,richard64@example.com,2628770742,Credit,2024-05-18
70016637,Michelle,Brown,danieltownsend@example.org,+1-855-863-2163,Credit,2022-04-30
70048754,Tracy,Sanders,gregoryellis@example.org,298.562.5274x4984,Credit,2023-04-23
70070623,Kyle,Williams,vjohnson@example.net,547.519.3817x18924,Credit,2022-09-27
70177867,Amanda,Hall,ecastro@example.com,+1-545-945-4634x3202,Credit,2023-04-07
70229453,Charlotte,Smith,larrybowers@example.com,290-711-0306x795,Checking,2026-04-09
70456155,Jamie,Bradford,leesean@example.com,8157320433,Credit,2021-12-08
70986336,Aaron,Holland,brandonwilkinson@example.com,001-604-817-1593x915,Checking,2022-09-21
70993856,Kelli,Flores,davidjones@example.net,001-482-842-2416x661,Savings,2024-09-12
71034343,Julie,Jacobs,derrick68@example.com,6492270341,Checking,2025-02-28
71325598,Emily,Hayden,taylor40@example.org,+1-815-654-0560x8689,Checking,2024-01-28
71352938,Michael,Carter,oharrison@example.org,810.844.2487,Credit,2022-08-11
71463634,Colleen,Acosta,timothydavis@example.com,609.710.3371,Credit,2023-05-03
71498918,Christie,Thompson,adrianarollins@example.org,001-596-561-6301,Savings,2024-05-28
71546457,Sean,Hernandez,zellis@example.net,6388162512,Checking,2024-11-07
71561223,Michelle,Salinas,angela06@example.com,(813)622-7652x492,Savings,2023-03-05
71574482,Nancy,Harrington,lewistommy@example.org,756.484.7402,Checking,2022-09-29
71606284,Tanner,Frederick,riosrebecca@example.com,7523461207,Savings,2023-12-30
71883516,Kurt,Huynh,mark75@example.org,369.730.0036,Credit,2024-01-24
71976571,April,Riley,phillip32@example.net,998.317.1379,Credit,2023-03-17
72117695,Steven,Ramsey,joshuacook@example.org,(769)368-5427x27235,Savings,2022-10-17
72265599,Spencer,Hicks,hillmary@example.org,+1-236-603-9948x4172,Savings,2025-08-26
72308434,Travis,Hartman,nmalone@example.com,305-361-9889,Checking,2023-01-16
72406703,Carl,Adams,katherine28@example.com,+1-484-882-2182,Checking,2023-09-16
72524682,Brian,Scott,jjones@example.com,+1-347-217-4792x570,Checking,2023-02-21
72734984,Christopher,Sparks,ffranklin@example.com,(377)557-5274x1191,Credit,2025-01-06
72837161,Nancy,Allison,mooreamy@example.net,671.861.7490,Credit,2023-07-13
72888155,Jeff,Burns,xdiaz@example.com,250.384.0824x311,Checking,2022-03-01
72918827,Adam,Keith,daniel88@example.net,974.517.2335x79285,Credit,2024-07-20
72942047,Stacey,Lewis,jeangriffin@example.net,(383)866-2829x6570,Savings,2021-05-18
72972991,Seth,Flores,lisa76@example.net,293-958-6436x656,Checking,2021-07-11
72987101,Steven,Torres,scastro@example.com,(430)768-6361x440,Credit,2024-11-11
73028191,Jessica,Peterson,brittney26@example.org,9135048423,Checking,2023-02-19
73058710,Jerry,Figueroa,annaevans@example.org,001-569-543-8278x734,Savings,2023-08-16
73074457,Christine,Mcdowell,clinenicholas@example.com,456.455.6698,Savings,2024-04-13
73138088,Sandra,Blake,ynichols@example.net,001-828-409-2512x892,Savings,2022-10-12
73236294,Steven,Rosales,kimfrench@example.com,906-749-8549x06728,Checking,2024-03-10
73267978,Matthew,George,delgadostephanie@example.org,767.299.4357,Checking,2022-08-31
73280716,Rebecca,Smith,raygarcia@example.com,(776)350-2218x9212,Credit,2026-03-18
73305447,Lori,Coleman,lmorgan@example.com,(489)621-1921x20692,Credit,2023-03-09
73309065,Megan,Riley,russellcynthia@example.net,(603)393-7241x299,Checking,2024-10-31
73446484,Dana,Smith,beangregory@example.com,+1-582-919-4985x468,Credit,2025-02-23
73640567,Jessica,Moreno,rnorton@example.org,416-215-7724,Savings,2025-07-15
73903604,Eddie,Schultz,derek20@example.org,+1-401-217-4937x485,Savings,2024-01-18
74093952,Miguel,Ali,mwilliams@example.net,980.477.5790,Savings,2023-03-13
74232684,Gwendolyn,Hunt,cooklonnie@example.net,803.674.5192x845,Credit,2024-07-14
74276022,Shawn,Massey,bewing@example.com,+1-590-855-4241x9352,Checking,2025-10-15
74396555,Elizabeth,Brown,mgriffin@example.net,(583)900-9922x1132,Savings,2023-03-03
74482335,Michael,Richardson,christina69@example.com,4764874534,Checking,2025-01-04
74490447,Tiffany,Perez,jamesstevens@example.com,001-622-438-4412x171,Savings,2021-08-07
74501572,Samuel,Watts,evanslisa@example.net,7387654327,Credit,2024-04-30
74565785,Candice,Schneider,moniqueowens@example.org,3662169627,Credit,2024-09-15
74731452,Timothy,Cannon,zachary92@example.net,808-655-1158,Checking,2026-02-10
74783634,Bruce,Oconnor,ecox@example.org,2249013792,Credit,2025-09-20
74841322,Arthur,Moore,lyonsnatasha@example.net,+1-271-800-0754x6413,Checking,2023-04-14
75027594,April,Burns,randy66@example.net,(362)523-7051x7384,Savings,2022-10-01
75049923,Susan,Ferrell,barbara95@example.com,509-414-6472x13546,Savings,2022-02-23
75054545,Frank,Kelly,shawnallen@example.org,(362)992-7808x350,Credit,2024-04-20
75156635,Michael,Campbell,lisa03@example.org,908-637-8459,Savings,2025-05-28
75211549,Jason,Lopez,linda75@example.com,+1-694-497-3151x6107,Checking,2025-06-04
75361996,Jonathan,Smith,torresrobert@example.org,788-395-6691x19491,Credit,2025-12-06
75485302,Rodney,Flowers,wallacebarbara@example.com,+1-433-915-0421x8505,Credit,2022-12-01
75571912,Andrew,Moore,denise46@example.net,363.814.9705x4230,Checking,2022-05-23
75624918,Raymond,Hunter,landerson@example.net,(426)576-3363,Checking,2022-10-04
75695107,Kevin,Hernandez,brian23@example.org,300.213.9033,Credit,2024-02-14
76036938,Zachary,Berg,mark04@example.net,446-777-1867,Credit,2022-09-26
76308178,David,Young,josebowen@example.org,479-546-5018x55014,Savings,2024-04-03
76361961,Jocelyn,Lane,howellrebecca@example.org,001-514-317-3002,Credit,2022-08-22
76434624,Denise,Brown,tbarr@example.net,001-563-291-6099x748,Credit,2021-08-04
76452349,Jesse,White,nkelly@example.com,+1-556-316-3477x5009,Credit,2024-11-11
76464562,Jonathan,Ramsey,charles27@example.org,362.302.2600x6888,Savings,2023-12-22
76469395,Monica,Mahoney,michael81@example.org,001-434-432-9380x975,Checking,2024-08-21
76571728,Jade,Benton,awiggins@example.net,741-845-1131x973,Checking,2024-08-26
76630625,Karen,Krueger,donna22@example.org,+1-634-905-7238x649,Checking,2025-04-26
76673493,Anna,Bell,taylorowens@example.net,3935783194,Credit,2021-10-26
76709042,Christopher,Bush,tarabell@example.org,001-576-868-4971,Checking,2021-09-09
76833085,Christopher,Larson,zachary01@example.org,001-862-809-7704x547,Savings,2025-12-20
76955582,Charles,Stewart,lambertthomas@example.net,(802)697-5389x050,Savings,2025-11-11
77081337,Michael,Whitehead,zmurphy@example.net,5767147322,Savings,2021-06-30
77116083,Christopher,Price,rhondajones@example.org,781.249.8343,Savings,2025-09-12
77295680,Tammy,Richards,jocelyn28@example.com,(725)632-9848x6551,Credit,2025-01-07
77534184,Colin,Ferguson,williamsvictoria@example.net,620-558-7355,Credit,2024-07-26
77547378,Todd,Johnson,adamcain@example.com,+1-235-406-2375x6396,Credit,2024-10-16
77618309,Taylor,Kennedy,tracy48@example.com,443-240-2874x7272,Checking,2022-09-11
77866859,Erika,Bryant,cindyosborn@example.org,+1-439-920-0162x4576,Checking,2022-05-12
77908934,Scott,Webster,qhooper@example.net,+1-692-538-0610x2256,Credit,2026-01-17
78167684,Max,Armstrong,drocha@example.com,620-874-2240x36821,Checking,2023-11-07
78210468,Richard,Payne,millerdanielle@example.org,(471)276-5987x813,Credit,2025-11-06
78216133,Kimberly,Simon,woodsthomas@example.net,267.375.8913x2431,Checking,2021-08-29
78474398,Patricia,Oneal,rjoyce@example.net,(981)583-9183,Savings,2023-07-09
78477387,Michael,Rivera,maysbrad@example.org,(318)890-3093,Savings,2022-01-09
78595589,William,Williams,hpatel@example.com,726.294.4317x56181,Checking,2022-09-26
78717578,Jeffrey,Howard,barbarabautista@example.net,812.847.0364,Credit,2021-09-26
78794020,Joseph,Reid,christine74@example.org,001-484-506-4463,Credit,2023-08-15
79017227,Laura,Cameron,douglaslong@example.com,651.708.8446,Checking,2023-08-23
79110494,Tyler,Davis,ogoodman@example.org,001-386-576-7892x304,Savings,2022-12-08
79160794,Timothy,Perez,jeremy28@example.org,+1-803-401-9880x8341,Checking,2023-11-02
79165241,Michelle,Pierce,melissacraig@example.org,992-966-3880x8088,Savings,2024-06-06
79186539,Joshua,Morales,nward@example.org,6777678381,Savings,2025-12-19
79253041,Patrick,Rodriguez,victoriathomas@example.org,435.578.4353,Savings,2023-05-21
79531583,James,Ali,benjamin14@example.net,369.625.7821x1508,Checking,2023-02-01
79549832,Amy,Franco,allison18@example.com,001-358-693-8655x502,Credit,2025-09-06
79580073,Nicole,Harvey,dwood@example.org,(200)922-4767x5506,Credit,2022-09-22
79759386,Cory,Miranda,cassandralee@example.com,+1-960-963-1607,Credit,2024-07-24
79862996,Roger,Long,rwilliams@example.org,539-445-6298x62692,Credit,2022-12-14
80032523,David,Morgan,tylercarlson@example.org,406-881-7972x478,Savings,2022-11-07
80235577,Theresa,Wyatt,karla47@example.com,221-387-6231x512,Credit,2026-03-13
80273281,Andrea,Alvarado,martinthomas@example.org,(874)571-1491x0085,Checking,2023-11-16
80323308,Emily,Smith,emily60@example.org,354-320-6008,Savings,2023-09-12
80473051,Judith,Burgess,walkersierra@example.net,(555)895-9885,Credit,2023-06-14
80514356,Amy,Cabrera,rcook@example.com,737.232.2260,Credit,2023-11-13
80551112,Amanda,Dalton,gcarrillo@example.net,+1-973-297-1749x5381,Checking,2025-01-28
80621954,Kathryn,Knight,kylerichards@example.org,001-232-503-5943x061,Savings,2021-06-26
80656160,Michele,Gonzales,gwood@example.com,(659)793-8216,Checking,2022-08-09
80656643,Matthew,Norman,xmarshall@example.net,715-270-9282,Credit,2023-08-04
80707327,Joshua,Baldwin,zjohns@example.net,+1-897-996-5345x140,Checking,2025-05-17
80976795,Stephen,Jensen,oyork@example.net,001-570-282-1526x547,Checking,2023-06-22
81047008,Chelsea,Torres,derricksharp@example.net,488.294.9123x36480,Credit,2026-04-19
81176932,Patricia,Byrd,kristengarrison@example.com,(933)555-2956,Savings,2025-02-17
81309713,Julie,Harrison,vaughndylan@example.com,+1-615-213-6713x7486,Credit,2022-03-22
81338180,John,Lawson,hpotts@example.com,524.258.3157x17527,Checking,2026-01-29
81601715,Carlos,Davis,tonyaherman@example.net,+1-334-907-2442,Checking,2023-10-05
81724960,Rachael,Lopez,troy47@example.net,263-569-9796x0681,Credit,2022-10-12
82101286,Christina,Terrell,garysanchez@example.org,364-722-8104,Checking,2024-12-14
82293915,Anthony,Walker,frank90@example.com,8349111591,Credit,2022-05-09
82526178,Sarah,Miller,hailey14@example.org,470-227-8440,Checking,2021-09-21
82544370,Bryan,Chen,udavis@example.net,(544)290-1896x37618,Savings,2021-08-27
82550898,Timothy,Shepard,carlsontony@example.com,(381)894-3595,Savings,2026-01-10
82606386,Dale,Armstrong,ashleygreene@example.org,5146895747,Savings,2024-06-28
82683572,John,Johnson,scottandrew@example.org,(594)851-6019x84145,Credit,2023-04-15
82715462,Brenda,Lewis,angelaramos@example.com,+1-607-893-4864x9325,Credit,2024-09-18
82837147,Dennis,Bowers,zrogers@example.net,5275489702,Savings,2024-12-16
82949899,Allison,Goodwin,rgutierrez@example.net,7125434942,Credit,2022-08-09
82977163,John,Garcia,phughes@example.org,+1-291-996-4371x401,Checking,2025-01-04
83241870,Jared,Ross,wesley17@example.org,+1-632-763-7055x202,Savings,2024-09-05
83277399,Steven,Martinez,erin64@example.com,860.773.3296,Savings,2025-03-10
83472939,John,Archer,qeverett@example.com,(841)494-4844,Checking,2022-05-06
83541899,Sheri,Huber,cindyhunt@example.org,001-588-485-8415x986,Credit,2025-08-13
83631136,Nathan,Jones,wjones@example.org,+1-260-854-8682x1321,Savings,2021-12-26
83636920,Emily,Griffin,lsellers@example.org,(937)997-9307x33057,Credit,2025-05-29
83791718,Ruben,Smith,riverschad@example.com,346.391.1251x367,Checking,2022-10-11
83919192,Daniel,Bailey,james43@example.com,+1-894-353-7089x0535,Savings,2022-06-03
83978903,Jeremy,Aguirre,leahcruz@example.com,(746)774-0772x454,Savings,2024-08-17
84015883,Stephanie,Brown,meyertroy@example.com,(788)396-0228x56785,Credit,2023-07-20
84079014,Alexa,Watts,qhawkins@example.net,001-684-910-0064x683,Savings,2022-12-21
84283078,Michael,Bennett,maria50@example.net,473.639.1166,Credit,2021-05-15
84749472,Melissa,Horton,asantana@example.org,+1-361-414-6187x5504,Credit,2022-06-14
84785915,Amber,Davis,meganjones@example.net,7082461367,Savings,2024-03-24
84940288,Elizabeth,Wu,heatherbrady@example.net,983-638-4319,Credit,2024-07-08
85095000,Rebecca,Adams,toddlucas@example.org,515.824.7483x3619,Savings,2024-05-15
85100288,Joshua,Ryan,crawfordjesse@example.org,+1-869-246-5470x0135,Savings,2023-12-24
85582169,Antonio,West,christopherbrown@example.net,+1-293-811-8597x803,Credit,2023-06-14
85623109,Gina,Chavez,michaelstone@example.net,395.807.0665,Credit,2024-07-14
85738897,Jessica,Lambert,zbennett@example.com,893.479.6978x1992,Credit,2022-08-19
86106662,Thomas,Webb,jennifer28@example.com,8373504000,Savings,2024-02-04
86219362,Annette,Cook,vmiddleton@example.net,(391)753-8595,Checking,2021-06-29
86316200,Maria,Collins,moorerebecca@example.net,200-833-5741,Credit,2025-08-27
86388737,Wayne,Key,jeffery24@example.com,001-827-772-1064x560,Credit,2022-12-23
86482858,John,Gilmore,phillip15@example.net,001-409-777-4876x330,Savings,2023-05-06
86648184,Larry,Fox,monroesharon@example.net,285.636.1749x7961,Checking,2021-12-07
86663092,John,Thomas,lhubbard@example.org,511-228-0238x53473,Checking,2023-06-17
86664150,Tammy,White,lisasmith@example.org,+1-738-996-2448x411,Credit,2025-08-17
86695423,Norma,Juarez,daniel90@example.com,527-456-7467,Credit,2026-04-17
86759288,Randall,Stewart,walshbrian@example.net,470.382.5664x44270,Savings,2025-08-02
86783676,Jordan,Weaver,amyjohnson@example.org,001-812-308-8866x878,Checking,2023-07-14
86830137,Calvin,Fischer,hoffmanmichael@example.org,686-893-5396x22921,Savings,2024-01-04
86863630,Shannon,Mcdowell,christinevega@example.net,472.696.8031,Savings,2023-03-25
86924216,Tara,Jordan,thomasmichael@example.com,824-351-9049,Savings,2022-10-08
87017919,Robert,Allen,garrettanderson@example.com,219-835-7338x6520,Checking,2024-04-04
87070681,Jasmine,Finley,nicolepatterson@example.org,2307998594,Credit,2023-03-27
87258488,Shawn,Diaz,nicholaswilliams@example.net,614.220.7550,Checking,2023-05-19
87440457,Sandra,Stephens,eellison@example.org,(357)654-2715x07740,Credit,2022-01-19
87542098,Cynthia,Jones,chasebrewer@example.net,001-679-692-7462,Checking,2025-06-17
87684078,Craig,Smith,rdavis@example.org,+1-778-356-0460x9520,Credit,2021-11-14
87714141,David,Hill,williamkennedy@example.org,+1-272-956-4435,Credit,2021-11-21
87736972,Andrea,Thompson,leah98@example.org,626-704-8477x487,Credit,2023-04-15
87808725,Anthony,Smith,youngsonia@example.com,+1-638-913-5734x4703,Savings,2025-02-09
87847244,Crystal,Carroll,emcgrath@example.org,(921)595-9555,Credit,2025-12-27
88036535,Mary,Evans,margaret70@example.org,9356100733,Checking,2023-06-01
88124778,Jon,Williams,qgonzalez@example.net,+1-265-927-8794x231,Checking,2024-08-29
88357510,Alexandra,Best,ebennett@example.net,3197455368,Credit,2022-02-17
88442171,Joshua,Simmons,sbridges@example.org,492-651-9353,Credit,2022-01-03
88468981,Susan,Perez,troy80@example.org,001-640-650-5254x803,Savings,2026-01-09
88612026,Christina,Garcia,graycole@example.com,926-985-9770x6486,Credit,2024-02-03
88640300,Kristen,Molina,roblesveronica@example.com,001-473-907-1361x659,Checking,2022-04-14
88648576,Brandon,Mack,yorkfelicia@example.net,396-479-1156,Savings,2023-03-20
88806936,Renee,Colon,timothymorales@example.org,+1-721-459-4653x6225,Credit,2021-07-23
88825722,Deborah,Stewart,upratt@example.com,915.569.6039x9353,Savings,2026-01-29
88848168,Erin,Holland,devin86@example.org,792-646-3399x602,Checking,2025-11-04
88949449,Cassandra,Gallagher,john45@example.com,333.202.3687x895,Checking,2023-03-13
89005658,Shirley,Miller,joshua62@example.com,+1-287-503-7561,Savings,2025-12-24
89147226,Rebecca,Hale,ureed@example.net,001-539-438-7866,Checking,2024-10-03
89353487,Melissa,Wiley,brittanybailey@example.net,896-774-4018x47592,Credit,2024-09-15
89524242,William,Robles,kenneth93@example.org,001-812-835-4770x142,Credit,2024-09-13
89557127,Kim,Ruiz,fhernandez@example.net,001-615-340-4717x409,Checking,2025-05-08
89586524,Theresa,Baldwin,mroberson@example.com,(682)957-0636,Savings,2023-10-19
89638148,Eric,Pace,burkeangela@example.net,362-983-8104x92001,Savings,2022-12-27
89643520,Robert,Terry,cynthia45@example.org,+1-457-431-1216x366,Credit,2022-08-10
89645338,Christopher,Pena,ann33@example.com,7793720766,Checking,2021-09-19
89892769,Ryan,Valencia,cherryrobert@example.net,491.619.9505x7040,Savings,2021-10-23
90006339,Robert,Mitchell,banksbrett@example.org,(922)301-8885x946,Checking,2024-12-23
90043941,Heather,Martin,jorgehorton@example.com,207-883-6886x012,Checking,2023-12-02
90059952,Justin,Anderson,monica08@example.net,+1-505-382-9634x689,Checking,2024-11-22
90131059,Dana,Cox,samantha61@example.net,6414207591,Checking,2025-03-03
90180001,Lindsey,Adams,james37@example.org,+1-644-539-2981x0743,Savings,2025-10-19
90419968,Richard,Smith,jennifersingh@example.com,951-761-7321,Savings,2021-07-31
90652284,Lawrence,Estrada,brenda46@example.org,+1-237-224-9351x188,Savings,2024-10-30
90705985,Tammy,Ramirez,clarkvictor@example.com,(285)580-3870,Savings,2021-05-07
90894259,Haley,Kim,angelawilliams@example.net,(611)409-3840,Savings,2024-07-03
90979080,Jennifer,Smith,james52@example.com,+1-627-393-2306x9598,Checking,2022-07-04
91022422,Kimberly,Wilkins,bparker@example.net,261.536.3602x7428,Checking,2024-12-13
91053268,Ashley,Hughes,tgraves@example.org,+1-773-351-8982x079,Checking,2025-06-19
91108958,Jeffery,Beard,alexandriaware@example.com,(343)998-9241x22365,Credit,2024-08-24
91262993,Katherine,Buchanan,robertcooper@example.net,+1-436-811-0085x7483,Checking,2023-02-15
91306404,Leslie,Lee,patrick82@example.org,657-849-0427x49801,Savings,2021-04-27
91337272,Steven,Harvey,rjackson@example.net,+1-836-908-7966x772,Checking,2025-03-03
91397574,Joel,Lee,belltravis@example.net,001-221-461-6117x354,Checking,2025-09-06
91641873,Ronald,Boyd,ellisandrea@example.net,(434)215-9795,Checking,2024-03-22
91830007,Jennifer,Hughes,gdelacruz@example.org,(705)740-5753,Credit,2023-08-13
91842338,Brandy,Hernandez,jose22@example.net,001-673-819-8755x662,Credit,2024-09-07
91923632,Teresa,Thompson,hudsonlaura@example.com,+1-275-627-6891x0245,Checking,2024-01-22
92071031,Bryan,Perez,jacksonheather@example.org,812.332.7432,Checking,2022-08-31
92140875,Charles,Price,wbrown@example.org,001-474-514-1038x385,Credit,2022-06-19
92200160,Tyler,Robinson,nathan93@example.com,+1-656-744-1505x8766,Checking,2024-01-08
92343556,William,Sanchez,ronniebryant@example.org,+1-248-616-7240x4022,Checking,2023-11-03
92538618,Rebecca,Lee,paul44@example.net,676.230.0454x587,Credit,2021-05-16
92559594,Tiffany,Jones,hendricksdesiree@example.net,001-889-628-1195x618,Savings,2021-09-10
92683566,Gary,Irwin,david67@example.org,+1-573-731-2820x467,Checking,2021-04-24
92836667,Shannon,Smith,ryan04@example.net,001-936-521-5805x555,Checking,2022-11-01
92847877,Tracy,Kelly,santanachad@example.com,+1-847-447-8447,Credit,2022-12-18
92876540,Melanie,Mills,randallburton@example.net,6665627798,Checking,2024-06-02
92986950,Jennifer,Collins,angiehoward@example.com,4954131817,Credit,2023-02-07
93060769,Debra,Garcia,deborahschroeder@example.net,001-976-756-7124,Credit,2025-06-25
93206486,Rachel,Vaughn,edwardssteven@example.org,4002615338,Savings,2022-11-13
93367888,Christy,Rodriguez,kstevens@example.org,241.981.8547x27042,Savings,2025-04-18
93397505,Felicia,Singh,fullertami@example.net,(232)457-9920,Credit,2021-05-23
93466237,Kimberly,Jackson,ybell@example.net,+1-203-478-0007,Credit,2024-02-22
93528210,Regina,Baker,jimmy69@example.org,377.619.3891x04218,Savings,2022-12-20
93553442,Nicholas,Thompson,roseerika@example.org,454.595.7884x050,Savings,2024-12-28
93597671,Amanda,Wolfe,melissa41@example.net,394-336-7409x041,Checking,2023-08-01
93608813,Jason,James,pgallegos@example.net,001-246-975-0094x488,Savings,2025-11-21
93684191,Michael,Cameron,tiffanywells@example.net,669-696-4917,Credit,2025-04-20
93890474,Ronald,Martin,jenna58@example.com,215.823.3677x96387,Savings,2023-03-22
93952266,Ronald,Lopez,zoejones@example.net,595.576.0390x58438,Savings,2026-01-26
93988541,Nicole,Sanders,pamela66@example.net,(318)886-5695,Checking,2023-02-20
94119073,Chad,Hernandez,choicraig@example.com,+1-364-446-2272x5227,Credit,2024-06-05
94300672,Victoria,Gregory,brittanyblair@example.com,885.226.1023x7335,Savings,2022-10-31
94344545,Steven,Hopkins,justin08@example.org,001-266-877-3744x195,Savings,2023-06-14
94355229,Laura,Campbell,lisamiller@example.com,511-686-2998x7074,Credit,2024-12-05
94367238,Erica,Barker,hevans@example.org,(710)224-2423,Savings,2024-11-26
94395828,Steven,Wallace,stevenmanning@example.net,3228368327,Credit,2025-06-04
94418705,Christina,Ramos,johnproctor@example.org,3294196804,Credit,2025-09-27
94560313,Douglas,Snyder,ambercantu@example.org,001-537-322-2726,Credit,2023-03-15
94569468,Michael,Russell,ugonzalez@example.net,001-538-862-9609x695,Credit,2025-09-11
94662188,Angel,Eaton,wanda50@example.org,(580)822-2929x14846,Savings,2023-01-25
94769430,Stephanie,Brown,phuerta@example.net,001-937-423-7412x192,Checking,2022-07-13
94913509,Aaron,Marshall,thomas51@example.com,001-604-485-6572x963,Savings,2025-03-13
95008079,Jason,Watkins,lawrence54@example.org,001-726-766-8963x511,Savings,2024-08-09
95103814,Barbara,Owen,perrypamela@example.net,+1-979-965-4303x4919,Checking,2025-05-05
95185775,April,Riley,russell51@example.org,804.602.7642,Savings,2023-11-16
95223789,Dwayne,Wilcox,gonzalezwendy@example.net,001-439-761-6975,Savings,2026-02-03
95227250,Amy,Acevedo,tyrone45@example.net,+1-678-388-8306x530,Credit,2023-01-18
95366735,Janice,Wright,richardcollier@example.org,001-547-608-8223,Savings,2023-10-24
95411145,Shannon,Williams,hannahdowns@example.net,(312)605-1971x24697,Credit,2023-03-26
95468582,Connie,Warner,woodsmark@example.org,(746)271-8615x99487,Savings,2024-09-19
95474601,Sara,Gomez,beasleynathan@example.org,953-223-8288,Checking,2023-07-14
95597142,Reginald,Murphy,theodorecortez@example.com,(921)658-5219x6015,Savings,2023-10-28
95598174,Andrew,Cole,shelby01@example.net,(268)800-3391x2603,Credit,2022-04-23
95747346,Glenn,Willis,alice68@example.org,(244)624-1991x9333,Savings,2023-11-09
95765337,Sheila,Soto,shunt@example.com,(369)983-8599x6268,Checking,2026-01-09
95877604,Andrea,Wallace,darrylrivera@example.net,902.728.5501,Credit,2022-10-23
95981322,Brian,Anderson,uduncan@example.com,222-659-4135,Checking,2025-07-24
96070398,Wanda,Wilkins,blairlori@example.com,646-926-7407,Checking,2025-01-10
96077431,Donald,Sanchez,angelaarmstrong@example.com,484-989-1173,Savings,2022-02-27
96122463,David,Washington,odavenport@example.com,(219)277-3703x83719,Credit,2024-02-02
96192775,David,Stewart,obarron@example.net,(839)816-8894x9051,Savings,2023-02-17
96204754,Carmen,Ramos,dianeburch@example.com,001-697-453-7925x681,Credit,2025-08-30
96292699,Julia,Drake,sheryl19@example.org,(799)867-0700x7797,Credit,2025-07-19
96420719,Cindy,Garcia,alisonwhite@example.com,748-567-7696,Savings,2025-05-02
96500499,Aaron,Delacruz,josephvaldez@example.org,679.343.6793x574,Savings,2025-07-12
96950505,Tommy,Fisher,barbara57@example.com,2215745799,Checking,2025-12-20
96998899,Cindy,Simon,johnsnyder@example.net,875.349.7861,Savings,2022-04-24
97389789,Elizabeth,Miller,michelledougherty@example.com,(787)811-5029x240,Checking,2022-10-02
97468435,George,Ward,moralesalex@example.com,+1-356-408-9650x9042,Savings,2022-11-05
97493161,Dalton,Fisher,moorejennifer@example.net,504.741.2396x25049,Savings,2022-09-16
97577142,Jimmy,Wright,kiddgary@example.net,782-953-1401x84493,Credit,2025-01-18
97625962,Brian,Thomas,kyle65@example.com,(766)850-2946x6885,Credit,2025-06-22
97703518,Carol,Wells,stewartshawn@example.net,001-226-828-2768x776,Checking,2021-05-12
97768517,Nicholas,Newman,jpatel@example.net,797-409-3699,Checking,2023-08-25
97797858,Andres,Lopez,rosstraci@example.net,440.641.6874,Savings,2024-01-23
97805930,Bryan,Wright,brandonharmon@example.com,001-231-266-2113x006,Savings,2025-06-09
97834332,Nicholas,Nguyen,ljones@example.com,790.980.4618,Credit,2025-01-04
98036017,Alexander,Ruiz,fmiller@example.org,(472)787-3706x44038,Credit,2021-10-12
98191284,Ricky,Estrada,bburns@example.org,001-957-595-9977,Credit,2021-05-11
98252469,Craig,Dixon,iparker@example.org,(558)255-3803x8760,Credit,2023-04-27
98291938,Stacy,Williams,ujones@example.net,960.414.0560,Credit,2023-01-02
98336274,Kevin,Barrett,aharris@example.net,266-362-8215,Savings,2023-05-20
98401175,Jennifer,Collins,gmorrison@example.org,+1-574-389-7729,Credit,2025-07-19
98429128,Christopher,Jimenez,wallison@example.org,277-925-1732x419,Checking,2021-11-22
98503989,Jennifer,Peck,zmckay@example.net,+1-461-798-7600x0248,Credit,2024-12-13
98639357,Richard,Bell,ldavis@example.com,001-527-328-0820,Savings,2025-12-18
98641987,Marcus,Hines,jordanpierce@example.net,+1-572-960-3343,Savings,2022-09-13
98705597,Jeremy,Bennett,carlosorozco@example.org,(524)982-6318,Checking,2023-10-12
98844312,Sara,Mason,garciabrianna@example.org,(687)295-5701x5710,Savings,2022-08-08
98873896,Gina,Castillo,tbrown@example.net,(465)797-2013x4743,Checking,2023-08-14
98943334,Kristin,Thomas,rebecca60@example.com,(480)598-4728,Savings,2022-07-14
98952773,Michelle,Anderson,jhernandez@example.com,+1-408-892-0374x0422,Savings,2024-11-28
99010444,Brian,Curtis,ksmith@example.com,+1-680-357-6114x9908,Credit,2025-02-01
99094707,Matthew,Dorsey,xmoore@example.com,736.615.4336,Checking,2023-01-30
99355179,Kevin,Reid,patrickmoore@example.com,750-247-2184,Credit,2025-12-06
99400787,Theodore,Turner,loricook@example.org,248-371-2578,Credit,2021-10-04
99444891,Christine,Smith,janebell@example.net,+1-268-384-3826x5603,Savings,2024-04-22
99967023,Courtney,Roth,christine16@example.net,(931)279-0582x14263,Savings,2026-02-17
